//X Y Z R G B
-23.02960014 9.38494873 -2.33606195 170 0 0
-23.02463150 9.42055416 -2.35930705 170 0 0
-23.00311089 9.48112965 -2.36891508 170 0 0
-22.97586060 9.53722477 -2.29490304 170 0 0
-23.09166145 9.38540840 -2.30468297 170 0 0
-23.13988304 9.70718956 -2.37036610 170 0 0
-23.09495926 9.50983906 -2.27375388 170 0 0
-23.02841377 9.52286339 -2.28963494 170 0 0
-23.05425262 9.45185661 -2.28347206 170 0 0
-23.43650627 9.75032902 -2.38195610 170 0 0
-23.18764305 9.37433720 -2.31072903 170 0 0
-23.07091713 9.52838135 -2.25592899 170 0 0
-23.03632927 9.51346016 -2.34418607 170 0 0
-22.95547104 9.38665676 -2.35415697 170 0 0
-23.03947830 9.59054756 -2.32316709 170 0 0
-22.95981026 9.55697346 -2.37366009 170 0 0
-23.19650650 9.61533260 -2.31534410 170 0 0
-23.01979637 9.38088417 -2.34627390 170 0 0
-23.07613182 9.52050495 -2.29641294 170 0 0
-23.07411194 9.39043808 -2.31573296 170 0 0
-23.01229668 9.50346661 -2.35149193 170 0 0
-23.36088181 9.66847420 -2.33161998 170 0 0
-23.01314545 9.63670063 -2.37694097 170 0 0
-23.07818031 9.49324036 -2.26006198 170 0 0
-23.03633499 9.48242188 -2.33766508 170 0 0
-23.02025032 9.65840435 -2.32891703 170 0 0
-23.12631798 9.38711834 -2.32971501 170 0 0
-22.99130630 9.43240547 -2.24303699 170 0 0
-22.92416573 9.41751480 -2.35118389 170 0 0
-23.02838326 9.63612366 -2.28058004 170 0 0
-23.19604492 9.67661858 -2.33690810 170 0 0
-23.06203079 9.46103382 -2.30445194 170 0 0
-23.18680954 9.37398148 -2.31218791 170 0 0
-23.09284019 9.61243916 -2.29514503 170 0 0
-23.04408073 9.51685047 -2.31759691 170 0 0
-23.07740593 9.54332924 -2.26484799 170 0 0
-23.05249977 9.45753193 -2.29216409 170 0 0
-23.09812737 9.47632599 -2.23821092 170 0 0
-23.10356331 9.74330235 -2.37141109 170 0 0
-23.09151268 9.35977268 -2.27345991 170 0 0
-23.07397461 9.52180386 -2.26089191 170 0 0
-23.02957726 9.44813919 -2.24221706 170 0 0
-22.98500443 9.58051872 -2.30574107 170 0 0
-23.18617058 9.38620281 -2.31832290 170 0 0
-23.06074905 9.39788532 -2.30560493 170 0 0
-23.38494492 9.69640636 -2.36914206 170 0 0
-23.07234764 9.52872944 -2.29033399 170 0 0
-23.22890472 9.61830330 -2.31551194 170 0 0
-23.11406898 9.38220024 -2.32208109 170 0 0
-23.04326439 9.55963516 -2.34781694 170 0 0
-23.04074287 9.41494179 -2.34606194 170 0 0
-23.14929771 9.48423862 -2.24559808 170 0 0
-23.09236336 9.56228256 -2.27643704 170 0 0
-23.05642509 9.45892620 -2.27714109 170 0 0
-23.00890732 9.64033604 -2.36911297 170 0 0
-23.09121513 9.41026402 -2.31335807 170 0 0
-23.08831215 9.72816753 -2.32644010 170 0 0
-22.97517204 9.51296902 -2.37823009 170 0 0
-23.04319572 9.63062477 -2.24499202 170 0 0
-23.35095978 9.61311531 -2.30803108 170 0 0
-23.07537651 9.52999783 -2.28904510 170 0 0
-23.02005196 9.48151207 -2.33213210 170 0 0
-22.99422073 9.64737511 -2.35728908 170 0 0
-23.10306931 9.73422527 -2.38294697 170 0 0
-22.96279144 9.43346596 -2.34215403 170 0 0
-23.11687279 9.69879723 -2.35815597 170 0 0
-23.13646507 9.68918991 -2.32626009 170 0 0
-23.36469460 9.62549400 -2.29540896 170 0 0
-23.17980766 9.38276958 -2.31110311 170 0 0
-23.08749771 9.56033802 -2.26510596 170 0 0
-23.06038666 9.41045094 -2.37218404 170 0 0
-23.06420898 9.38667583 -2.33400893 170 0 0
-23.01242638 9.39116478 -2.32830596 170 0 0
-23.04540062 9.44140434 -2.32950401 170 0 0
-23.39500427 9.73154831 -2.36315298 170 0 0
-23.06531715 9.58868885 -2.35227609 170 0 0
-23.03297234 9.52519989 -2.29472709 170 0 0
-23.01328850 9.42809677 -2.34891510 170 0 0
-23.04116821 9.49001217 -2.30099201 170 0 0
-23.00956917 9.43943024 -2.36679101 170 0 0
-22.93525314 9.42203426 -2.35718393 170 0 0
-23.08603859 9.40787983 -2.29549909 170 0 0
-23.09027863 9.70014572 -2.35575390 170 0 0
-23.07052994 9.52823830 -2.25270009 170 0 0
-23.03976631 9.57841873 -2.29995894 170 0 0
-23.08788109 9.39615059 -2.35896993 170 0 0
-23.04214287 9.46618843 -2.27528095 170 0 0
-23.06048012 9.43574619 -2.28938699 170 0 0
-23.21001244 9.38325310 -2.33035111 170 0 0
-23.00933266 9.55838680 -2.31165290 170 0 0
-23.01846886 9.64423656 -2.38504505 170 0 0
-23.02277946 9.67147923 -2.32946610 170 0 0
-23.05774498 9.65202808 -2.32649493 170 0 0
-22.98446465 9.54254246 -2.31357098 170 0 0
-23.09346008 9.58777046 -2.25686693 170 0 0
-23.07774162 9.60066223 -2.33402896 170 0 0
-22.99381828 9.46611309 -2.33739901 170 0 0
-23.02950478 9.56092358 -2.36330009 170 0 0
-23.00011253 9.42163181 -2.30882311 170 0 0
-23.05281830 9.50770187 -2.34072590 170 0 0
-23.14726639 9.53415489 -2.24761391 170 0 0
-23.05413628 9.48329926 -2.26552606 170 0 0
-23.11484337 9.57148647 -2.29257798 170 0 0
-23.05948448 9.58849716 -2.35231495 170 0 0
-23.04108429 9.57882595 -2.31908011 170 0 0
-23.06259727 9.46763802 -2.25687408 170 0 0
-23.06739426 9.62771988 -2.26440597 170 0 0
-23.18623352 9.72185230 -2.37189102 170 0 0
-23.00462914 9.50053024 -2.37615299 170 0 0
-23.04908943 9.65680504 -2.34051108 170 0 0
-23.06660461 9.60173321 -2.34038305 170 0 0
-23.01713562 9.39299870 -2.34012604 170 0 0
-23.33868217 9.57845688 -2.31987691 170 0 0
-23.02565956 9.50847340 -2.37880802 170 0 0
-23.05844307 9.46981335 -2.32658696 170 0 0
-22.97996521 9.53461456 -2.38053489 170 0 0
-23.09804916 9.47634697 -2.23064709 170 0 0
-23.21712685 9.70532227 -2.31078100 170 0 0
-23.09290695 9.58747005 -2.26769710 170 0 0
-23.10214233 9.60640907 -2.27999496 170 0 0
-23.08138084 9.53228855 -2.24915791 170 0 0
-23.01675034 9.41185570 -2.32545996 170 0 0
-23.08435249 9.39465714 -2.30884290 170 0 0
-23.01280975 9.56449890 -2.34814405 170 0 0
-23.06374168 9.46191025 -2.27948809 170 0 0
-23.02765656 9.53500938 -2.33957005 170 0 0
-23.10687637 9.60846996 -2.26934791 170 0 0
-23.07152367 9.37733078 -2.28853798 170 0 0
-23.06894684 9.37620831 -2.35214901 170 0 0
-23.02874565 9.57583809 -2.31631207 170 0 0
-23.15071297 9.44762421 -2.28200793 170 0 0
-23.03509903 9.67667103 -2.32742405 170 0 0
-23.01424026 9.57971191 -2.36767912 170 0 0
-23.02264595 9.52063465 -2.26572800 170 0 0
-22.95541191 9.52906132 -2.29265404 170 0 0
-23.21851730 9.39832687 -2.33702397 170 0 0
-23.02181053 9.36792946 -2.34567189 170 0 0
-23.03320313 9.42409611 -2.35512710 170 0 0
-23.11780548 9.43412495 -2.28800511 170 0 0
-23.12550926 9.68979263 -2.29382610 170 0 0
-23.06323242 9.51181984 -2.30338693 170 0 0
-23.07527351 9.39089298 -2.31896901 170 0 0
-23.03876495 9.62841129 -2.29575706 170 0 0
-23.03522110 9.42509556 -2.33117294 170 0 0
-22.99888229 9.54850960 -2.31807590 170 0 0
-23.09820938 9.47630787 -2.24569011 170 0 0
-23.23088455 9.39170837 -2.32924199 170 0 0
-23.09936333 9.64086914 -2.29389095 170 0 0
-23.18761826 9.46291447 -2.25298595 170 0 0
-23.02247810 9.44501877 -2.27089095 170 0 0
-23.13847542 9.39212322 -2.32125592 170 0 0
-23.08988190 9.37253094 -2.35689092 170 0 0
-23.02838516 9.42222977 -2.34024692 170 0 0
-23.07947731 9.73344326 -2.32528496 170 0 0
-23.21581459 9.37303543 -2.32732010 170 0 0
-23.13731194 9.56816769 -2.26000690 170 0 0
-23.14960480 9.47892666 -2.24921703 170 0 0
-23.02668953 9.64773273 -2.37754297 170 0 0
-23.06309319 9.50445271 -2.27287006 170 0 0
-23.00735474 9.43858337 -2.33721209 170 0 0
-23.10654259 9.64470387 -2.37984300 170 0 0
-22.99519539 9.56632996 -2.34903312 170 0 0
-23.06622887 9.58908463 -2.34911203 170 0 0
-23.12458801 9.46179771 -2.26278591 170 0 0
-23.12280273 9.63583469 -2.31799293 170 0 0
-22.97862434 9.59004974 -2.34398794 170 0 0
-23.15954208 9.41792679 -2.26713610 170 0 0
-23.15118217 9.52335072 -2.25486708 170 0 0
-23.00363922 9.60812855 -2.35856295 170 0 0
-23.13137817 9.47701931 -2.22571111 170 0 0
-23.02025223 9.55699635 -2.37381101 170 0 0
-23.11303711 9.33522797 -2.34899497 170 0 0
-23.00051117 9.62398720 -2.38042593 170 0 0
-23.02042961 9.64504147 -2.38695502 170 0 0
-23.01374054 9.62979126 -2.37385607 170 0 0
-22.96177292 9.53277493 -2.29061198 170 0 0
-23.14391708 9.53287983 -2.23205709 170 0 0
-22.99286461 9.44564629 -2.36960912 170 0 0
-23.03101349 9.67497158 -2.32539701 170 0 0
-23.12803841 9.49112892 -2.25606298 170 0 0
-23.02710533 9.58555508 -2.29819107 170 0 0
-23.09824753 9.47639275 -2.23668003 170 0 0
-23.12211990 9.65626717 -2.34732795 170 0 0
-23.23734283 9.61375237 -2.28601003 170 0 0
-22.99828339 9.66132927 -2.30620503 170 0 0
-23.07144928 9.61648178 -2.25343800 170 0 0
-23.01259041 9.51618099 -2.37669611 170 0 0
-23.04719162 9.69473457 -2.37623906 170 0 0
-23.06660080 9.39990807 -2.30137205 170 0 0
-23.04833794 9.41814899 -2.33226204 170 0 0
-23.04650879 9.65816116 -2.34902596 170 0 0
-23.07809448 9.53106785 -2.29558396 170 0 0
-22.93849182 9.42334747 -2.35924411 170 0 0
-23.04963493 9.45644855 -2.28064609 170 0 0
-23.09018707 9.64981079 -2.31343198 170 0 0
-23.04235268 9.64035511 -2.36987090 170 0 0
-23.11574936 9.36932468 -2.31389809 170 0 0
-23.02922058 9.62388706 -2.37178206 170 0 0
-23.03450012 9.64479733 -2.35462594 170 0 0
-23.22390366 9.60022545 -2.30529594 170 0 0
-23.02894402 9.63637638 -2.27763605 170 0 0
-23.00735092 9.58937931 -2.37242007 170 0 0
-23.02674675 9.42157745 -2.33845496 170 0 0
-23.02500534 9.50864601 -2.36273289 170 0 0
-23.03642082 9.56375980 -2.36898708 170 0 0
-23.12810707 9.51185322 -2.27396011 170 0 0
-22.97813606 9.42645073 -2.37519908 170 0 0
-23.02957153 9.51051521 -2.36638808 170 0 0
-23.11857414 9.45937347 -2.25764608 170 0 0
-23.02022743 9.63252068 -2.37287903 170 0 0
-23.15394592 9.44926262 -2.23758507 170 0 0
-23.17873192 9.70668125 -2.30957007 170 0 0
-22.96589279 9.58487701 -2.32337403 170 0 0
-23.01921082 9.53182411 -2.29411697 170 0 0
-23.12703323 9.71418762 -2.36337399 170 0 0
-23.07473183 9.38317680 -2.33503008 170 0 0
-23.03895187 9.50174236 -2.37364197 170 0 0
-23.11511421 9.47013283 -2.25774908 170 0 0
-23.20842552 9.39510345 -2.33486891 170 0 0
-22.99919510 9.43519306 -2.30915403 170 0 0
-23.03003502 9.52400208 -2.29133511 170 0 0
-23.13106346 9.57842827 -2.26307201 170 0 0
-23.06896591 9.48948383 -2.25462008 170 0 0
-23.05876923 9.50990963 -2.31409788 170 0 0
-23.02768326 9.49707890 -2.37574291 170 0 0
-23.07937622 9.56938744 -2.26531696 170 0 0
-23.08472443 9.65701866 -2.30580902 170 0 0
-23.18680191 9.46263409 -2.24541306 170 0 0
-22.97998428 9.59065342 -2.33924699 170 0 0
-23.12615776 9.72796917 -2.31453609 170 0 0
-23.00205612 9.56221962 -2.37029910 170 0 0
-23.00829697 9.47661972 -2.33747506 170 0 0
-23.06850433 9.71615696 -2.38002300 170 0 0
-23.03229141 9.54525471 -2.33183599 170 0 0
-23.11775970 9.67925262 -2.34900594 170 0 0
-23.03667450 9.66502285 -2.30494094 170 0 0
-23.02470207 9.54612160 -2.34369302 170 0 0
-23.05260849 9.67190933 -2.34173107 170 0 0
-23.06332779 9.60033417 -2.34503889 170 0 0
-23.07950592 9.41837406 -2.30311704 170 0 0
-23.15427971 9.44932842 -2.24677300 170 0 0
-23.00881767 9.59040928 -2.31276798 170 0 0
-23.03371048 9.46258545 -2.29491401 170 0 0
-23.00332832 9.60812283 -2.32565093 170 0 0
-23.07821846 9.53118801 -2.28613210 170 0 0
-23.05221939 9.40717030 -2.30993605 170 0 0
-23.05553246 9.67282391 -2.38635898 170 0 0
-23.08046913 9.50650692 -2.26107693 170 0 0
-23.14588547 9.44585037 -2.25369000 170 0 0
-23.04601479 9.63176823 -2.24981809 170 0 0
-23.08286095 9.70968437 -2.38813496 170 0 0
-23.03813553 9.60260868 -2.31737494 170 0 0
-23.06723785 9.56626225 -2.29973197 170 0 0
-23.13564873 9.72987175 -2.38179398 170 0 0
-23.04851723 9.50583839 -2.29102492 170 0 0
-23.03013992 9.46092701 -2.32155895 170 0 0
-23.17599869 9.58648014 -2.27050591 170 0 0
-23.00337219 9.37879181 -2.33297992 170 0 0
-23.21780586 9.54276276 -2.27364612 170 0 0
-23.16487122 9.59202576 -2.25263906 170 0 0
-23.04704475 9.55750847 -2.32845592 170 0 0
-23.00803757 9.43892384 -2.34865308 170 0 0
-23.07958984 9.55945587 -2.26263499 170 0 0
-23.06811333 9.36362743 -2.36452508 170 0 0
-23.08270454 9.41959190 -2.36957407 170 0 0
-23.04853630 9.48079014 -2.29464507 170 0 0
-23.05896950 9.38452721 -2.33668900 170 0 0
-23.06142044 9.66242218 -2.36122990 170 0 0
-23.06420708 9.43690395 -2.28485394 170 0 0
-23.17469978 9.54539967 -2.25793505 170 0 0
-23.19419098 9.47809124 -2.23719907 170 0 0
-23.03490448 9.38099861 -2.34657001 170 0 0
-23.02005768 9.51973820 -2.31084800 170 0 0
-23.14588356 9.43243885 -2.27639890 170 0 0
-23.17597198 9.54590702 -2.25971508 170 0 0
-23.09459686 9.72745895 -2.33709908 170 0 0
-23.04239655 9.51612091 -2.32220507 170 0 0
-23.11425400 9.51959229 -2.28660107 170 0 0
-23.00775719 9.52689171 -2.31983900 170 0 0
-23.03245544 9.56209660 -2.37024903 170 0 0
-23.10148621 9.38969803 -2.31830812 170 0 0
-23.04550743 9.68126774 -2.29692006 170 0 0
-23.13545036 9.46648693 -2.28561497 170 0 0
-23.05249214 9.67003155 -2.38739705 170 0 0
-23.13111687 9.53021717 -2.30372691 170 0 0
-23.09634590 9.66450596 -2.29511595 170 0 0
-23.08641052 9.38342857 -2.33602810 170 0 0
-23.00440788 9.58813477 -2.37378812 170 0 0
-23.05764961 9.49671173 -2.31532598 170 0 0
-23.16562271 9.59230423 -2.26189089 170 0 0
-23.07988358 9.36855412 -2.28547812 170 0 0
-23.35746574 9.64994526 -2.35730600 170 0 0
-23.01025963 9.61868763 -2.32162905 170 0 0
-23.10113716 9.41410160 -2.28584194 170 0 0
-23.05989647 9.38488674 -2.33845401 170 0 0
-23.05322075 9.50798893 -2.32308698 170 0 0
-23.38191605 9.69803429 -2.35708189 170 0 0
-23.05904007 9.43512154 -2.29387403 170 0 0
-23.10379791 9.56687832 -2.29784012 170 0 0
-23.04454231 9.47916412 -2.29106998 170 0 0
-23.10362816 9.48523426 -2.26818895 170 0 0
-23.09724426 9.61482143 -2.22629595 170 0 0
-23.07040596 9.62892532 -2.27088904 170 0 0
-23.13798332 9.46568584 -2.25291109 170 0 0
-23.06900597 9.42678356 -2.30724096 170 0 0
-23.07661057 9.53047180 -2.29384804 170 0 0
-23.10781288 9.53053188 -2.26086307 170 0 0
-23.15677834 9.72809124 -2.29534292 170 0 0
-23.03764725 9.51405621 -2.33625388 170 0 0
-22.98845291 9.55668831 -2.35243392 170 0 0
-23.00153923 9.58690453 -2.37838793 170 0 0
-23.03279686 9.53478718 -2.29309511 170 0 0
-23.19876862 9.39035130 -2.32426810 170 0 0
-22.99183273 9.43213844 -2.36668301 170 0 0
-23.10303879 9.54126644 -2.24667311 170 0 0
-23.02557564 9.60991859 -2.36053300 170 0 0
-23.16509628 9.45370579 -2.25395989 170 0 0
-23.19240570 9.59735775 -2.30068398 170 0 0
-23.07227516 9.62951279 -2.29915905 170 0 0
-22.99361229 9.45807934 -2.36785507 170 0 0
-23.14014816 9.54581928 -2.27262402 170 0 0
-23.07493401 9.52129936 -2.25453210 170 0 0
-23.02099228 9.48679924 -2.32296896 170 0 0
-22.99143600 9.58267689 -2.38073397 170 0 0
-22.98728561 9.59127903 -2.36089611 170 0 0
-22.99149895 9.59528446 -2.36648297 170 0 0
-23.01347542 9.61677074 -2.36263895 170 0 0
-23.00241089 9.43651104 -2.36271691 170 0 0
-23.10178757 9.60647488 -2.23664689 170 0 0
-23.03263664 9.53698444 -2.35299611 170 0 0
-22.98313141 9.59191418 -2.34766793 170 0 0
-23.03130913 9.47341156 -2.33415198 170 0 0
-23.02583694 9.42106438 -2.35771799 170 0 0
-23.01588440 9.59494209 -2.38115811 170 0 0
-23.00885582 9.47787476 -2.34981704 170 0 0
-23.05413055 9.50820541 -2.28360105 170 0 0
-23.10596466 9.73198414 -2.37553811 170 0 0
-23.14215660 9.68591690 -2.37244105 170 0 0
-23.02237320 9.44980621 -2.28771496 170 0 0
-23.10690689 9.42962456 -2.29489398 170 0 0
-23.05153465 9.57027912 -2.33466506 170 0 0
-23.02218437 9.61187077 -2.35545993 170 0 0
-23.04739380 9.54338837 -2.31113005 170 0 0
-23.17360306 9.70946789 -2.31974697 170 0 0
-23.12458229 9.56299210 -2.24628806 170 0 0
-23.16650200 9.54718494 -2.25031900 170 0 0
-23.01708603 9.44318867 -2.26685309 170 0 0
-23.08825493 9.51472759 -2.28600407 170 0 0
-22.95735168 9.58129501 -2.32564092 170 0 0
-23.11402893 9.62080288 -2.29364610 170 0 0
-23.04125786 9.67938328 -2.37519693 170 0 0
-23.01626968 9.54269695 -2.33306003 170 0 0
-23.02596283 9.48399830 -2.32485199 170 0 0
-22.99656868 9.53470612 -2.30707693 170 0 0
-23.08251953 9.39502239 -2.29257393 170 0 0
-23.10435295 9.52905273 -2.26826310 170 0 0
-23.29897499 9.62061214 -2.31048894 170 0 0
-23.04302025 9.66028786 -2.29930496 170 0 0
-22.98880005 9.59037781 -2.36581492 170 0 0
-23.06005859 9.57028008 -2.30277801 170 0 0
-22.98956871 9.58990097 -2.37057900 170 0 0
-23.02350044 9.51002407 -2.26931691 170 0 0
-23.11788940 9.38368034 -2.33203697 170 0 0
-23.06575966 9.42105389 -2.30280805 170 0 0
-23.07535934 9.37780476 -2.28857303 170 0 0
-23.15354729 9.57484627 -2.26614404 170 0 0
-23.07209587 9.37974358 -2.29219198 170 0 0
-23.09721565 9.47593594 -2.24104404 170 0 0
-22.98781776 9.53100777 -2.31571102 170 0 0
-23.15435982 9.48627758 -2.25077701 170 0 0
-23.12796974 9.40044212 -2.32258010 170 0 0
-22.99439049 9.45838165 -2.37128210 170 0 0
-23.03482437 9.46311188 -2.28550196 170 0 0
-23.22300148 9.70193768 -2.36360788 170 0 0
-23.00729179 9.42553806 -2.36309910 170 0 0
-23.07410431 9.62283039 -2.31148911 170 0 0
-23.11429214 9.38227272 -2.32372308 170 0 0
-23.03666878 9.46203899 -2.28869510 170 0 0
-23.15969849 9.67652416 -2.31115603 170 0 0
-23.40896416 9.72413540 -2.37058592 170 0 0
-23.09877586 9.61500168 -2.29102302 170 0 0
-23.04052353 9.41466236 -2.37388802 170 0 0
-23.14204216 9.53209019 -2.23344707 170 0 0
-23.03022385 9.54828739 -2.36210203 170 0 0
-23.06987953 9.56557274 -2.24754810 170 0 0
-23.09037399 9.39046669 -2.30499005 170 0 0
-23.08112335 9.39579201 -2.29660606 170 0 0
-23.03885078 9.52193928 -2.33037400 170 0 0
-23.27915192 9.69221592 -2.36193490 170 0 0
-23.25957870 9.64933014 -2.35629797 170 0 0
-22.99600029 9.60628414 -2.34546804 170 0 0
-23.05218506 9.57476807 -2.30784202 170 0 0
-22.99509430 9.55946636 -2.34994793 170 0 0
-23.00560379 9.46297646 -2.37405205 170 0 0
-23.16737938 9.71997166 -2.30049896 170 0 0
-23.00569534 9.56039906 -2.33761907 170 0 0
-23.10056496 9.66823959 -2.32733488 170 0 0
-23.11967850 9.45504665 -2.25094295 170 0 0
-22.93239212 9.52044010 -2.37800503 170 0 0
-23.15878677 9.58964634 -2.23220897 170 0 0
-23.10146523 9.54699421 -2.28672409 170 0 0
-23.03852272 9.54173565 -2.33764100 170 0 0
-23.09354401 9.65213013 -2.29645896 170 0 0
-23.08279037 9.60281563 -2.27701592 170 0 0
-23.06217003 9.46119595 -2.29031491 170 0 0
-23.09884644 9.47669125 -2.22918010 170 0 0
-23.05701256 9.63600063 -2.30376291 170 0 0
-23.06924629 9.37629414 -2.35705495 170 0 0
-23.01803780 9.45611858 -2.24203992 170 0 0
-23.16232872 9.59105968 -2.24021101 170 0 0
-22.99713707 9.47192097 -2.35241795 170 0 0
-23.04183578 9.49049377 -2.27130294 170 0 0
-22.94893074 9.52732182 -2.37649393 170 0 0
-23.05636978 9.57226753 -2.33838511 170 0 0
-23.10999489 9.69428062 -2.35978293 170 0 0
-23.05092430 9.65785027 -2.38493800 170 0 0
-23.16478157 9.63280201 -2.32021093 170 0 0
-23.19209671 9.47293091 -2.22864699 170 0 0
-23.24157333 9.65198994 -2.28371906 170 0 0
-23.04816437 9.61721802 -2.34360003 170 0 0
-23.07006645 9.61594105 -2.24864507 170 0 0
-23.12752724 9.46298313 -2.26616693 170 0 0
-23.15007782 9.45973682 -2.27916098 170 0 0
-23.03720474 9.57926178 -2.32787704 170 0 0
-23.01467514 9.52966881 -2.33328390 170 0 0
-22.96008301 9.58241844 -2.32757211 170 0 0
-23.19000053 9.50471401 -2.31742692 170 0 0
-23.08343315 9.69812298 -2.35784888 170 0 0
-23.04344177 9.66650009 -2.32032990 170 0 0
-23.14973831 9.58325386 -2.26076102 170 0 0
-23.00659180 9.43819141 -2.31459904 170 0 0
-23.02708626 9.66123676 -2.33441997 170 0 0
-23.04055786 9.41927624 -2.32839704 170 0 0
-23.01471710 9.63577747 -2.38206100 170 0 0
-23.13796234 9.45075893 -2.26651692 170 0 0
-23.13773918 9.46705532 -2.28118205 170 0 0
-23.04625893 9.66901970 -2.37386489 170 0 0
-23.05487823 9.49204254 -2.29077196 170 0 0
-22.98707008 9.59145069 -2.34525800 170 0 0
-23.05213356 9.40715313 -2.30670595 170 0 0
-23.02238274 9.45763779 -2.33677101 170 0 0
-23.05029106 9.61617756 -2.28859997 170 0 0
-23.06639481 9.62726879 -2.26883411 170 0 0
-23.08930016 9.62371063 -2.28618693 170 0 0
-23.01850510 9.65772438 -2.32067108 170 0 0
-23.06572151 9.38736153 -2.32449007 170 0 0
-23.06364250 9.44909954 -2.29950404 170 0 0
-23.14463043 9.68508720 -2.30949712 170 0 0
-22.99023628 9.56902218 -2.37263989 170 0 0
-23.13293648 9.44752979 -2.23379707 170 0 0
-23.02274513 9.41971207 -2.36887789 170 0 0
-23.04261589 9.42808723 -2.33671689 170 0 0
-23.14301872 9.68555069 -2.33212399 170 0 0
-23.05406380 9.47127628 -2.25018597 170 0 0
-23.12456894 9.68941593 -2.29053211 170 0 0
-23.09907913 9.36231709 -2.34623504 170 0 0
-23.02668381 9.38363838 -2.35365391 170 0 0
-23.01609612 9.49398708 -2.35367107 170 0 0
-23.05795860 9.53516483 -2.35020494 170 0 0
-23.10800552 9.48268032 -2.28228402 170 0 0
-23.08788681 9.61043453 -2.29470301 170 0 0
-22.94670868 9.39173985 -2.37254810 170 0 0
-23.03279686 9.37364864 -2.36668205 170 0 0
-23.02521515 9.48365593 -2.32958007 170 0 0
-23.07057953 9.38918114 -2.34762502 170 0 0
-22.98626518 9.53034687 -2.31889105 170 0 0
-22.99737358 9.60549355 -2.36597991 170 0 0
-23.06612206 9.51295853 -2.31165791 170 0 0
-23.06183052 9.43610573 -2.31627297 170 0 0
-23.15425491 9.52459717 -2.25670600 170 0 0
-22.98006248 9.44053841 -2.23521399 170 0 0
-23.04249001 9.63034725 -2.24182892 170 0 0
-23.02353287 9.50805473 -2.36089706 170 0 0
-23.06031036 9.63035107 -2.36899090 170 0 0
-23.11879921 9.61107445 -2.26714802 170 0 0
-23.09590530 9.57055187 -2.32557201 170 0 0
-23.04442406 9.61923599 -2.35189891 170 0 0
-23.11988640 9.38447285 -2.33385801 170 0 0
-23.19298172 9.40047932 -2.34095192 170 0 0
-23.07024193 9.60483837 -2.32800198 170 0 0
-23.10902786 9.41729927 -2.28987694 170 0 0
-22.99561691 9.47136402 -2.34115791 170 0 0
-23.04719162 9.39196014 -2.36062598 170 0 0
-23.11016464 9.43102455 -2.28558207 170 0 0
-23.11754227 9.65874481 -2.37128210 170 0 0
-23.13928986 9.64680195 -2.35541797 170 0 0
-23.10933304 9.68399620 -2.31610394 170 0 0
-23.02413559 9.63434601 -2.34553194 170 0 0
-23.05599213 9.49621964 -2.28829193 170 0 0
-23.24310303 9.67176628 -2.30252290 170 0 0
-23.09017563 9.56146431 -2.26375604 170 0 0
-23.08536339 9.48373222 -2.30949807 170 0 0
-23.01878738 9.51907444 -2.32999706 170 0 0
-23.05267525 9.42007828 -2.31024289 170 0 0
-22.95873260 9.58181858 -2.33221793 170 0 0
-23.04645348 9.39186764 -2.33124900 170 0 0
-23.14711761 9.64256668 -2.32550502 170 0 0
-23.14460754 9.48226643 -2.25283098 170 0 0
-23.22435379 9.40151310 -2.34137106 170 0 0
-23.19115639 9.39970303 -2.34565997 170 0 0
-23.10640144 9.70552635 -2.34935188 170 0 0
-23.08719254 9.38372898 -2.33945894 170 0 0
-23.02569389 9.48844910 -2.36706901 170 0 0
-23.04001808 9.38921070 -2.33548188 170 0 0
-23.16556358 9.59234715 -2.24802494 170 0 0
-23.02904320 9.43461895 -2.34077907 170 0 0
-23.10355759 9.40250683 -2.30604792 170 0 0
-23.06765938 9.47680759 -2.25913811 170 0 0
-23.04631805 9.39179611 -2.33286810 170 0 0
-23.04771042 9.44231701 -2.33460903 170 0 0
-23.05313492 9.63444996 -2.29245496 170 0 0
-23.04504395 9.50428772 -2.36928892 170 0 0
-23.10316467 9.52591896 -2.28888297 170 0 0
-22.94958878 9.41504097 -2.36908007 170 0 0
-23.14255714 9.44442081 -2.26399803 170 0 0
-22.97609329 9.43583584 -2.24684310 170 0 0
-23.13176727 9.52989769 -2.28844190 170 0 0
-23.02531433 9.52952576 -2.37250304 170 0 0
-23.11022377 9.69602489 -2.35412192 170 0 0
-23.14875031 9.62156487 -2.28777790 170 0 0
-23.01963806 9.49388218 -2.35682988 170 0 0
-23.18340874 9.68354607 -2.29989910 170 0 0
-22.99447632 9.53371620 -2.32451510 170 0 0
-23.00692368 9.48867416 -2.35073590 170 0 0
-23.14657021 9.57213593 -2.24083090 170 0 0
-23.10110855 9.43996906 -2.29936194 170 0 0
-23.04629135 9.65636158 -2.32091308 170 0 0
-23.35515976 9.66688824 -2.34370208 170 0 0
-23.31178093 9.69473553 -2.37385988 170 0 0
-23.00057411 9.43635559 -2.25446510 170 0 0
-23.13631248 9.68924236 -2.31953692 170 0 0
-23.05201721 9.49472141 -2.26774693 170 0 0
-23.03442383 9.56305313 -2.35077810 170 0 0
-23.16387939 9.59166718 -2.24496007 170 0 0
-23.13409615 9.45348167 -2.29798698 170 0 0
-23.03517342 9.45573997 -2.28298807 170 0 0
-23.03340149 9.49952316 -2.36320806 170 0 0
-23.05333519 9.42022610 -2.32804990 170 0 0
-23.00275230 9.61303520 -2.33971810 170 0 0
-23.12643242 9.71450710 -2.37229705 170 0 0
-23.02931023 9.43474483 -2.33762097 170 0 0
-23.03479767 9.56319141 -2.35396290 170 0 0
-23.06423759 9.37417030 -2.36964512 170 0 0
-23.16869736 9.52105522 -2.28077602 170 0 0
-23.02263069 9.44471836 -2.32279801 170 0 0
-22.99033356 9.47413635 -2.34197402 170 0 0
-23.03837395 9.51438999 -2.33145189 170 0 0
-23.04481697 9.64305019 -2.33946991 170 0 0
-23.03127480 9.67525482 -2.30014205 170 0 0
-23.09802818 9.43838501 -2.28642201 170 0 0
-23.04052162 9.55259228 -2.35817289 170 0 0
-22.99011040 9.45643425 -2.33495808 170 0 0
-23.01809311 9.65394783 -2.33562899 170 0 0
-23.19052696 9.50462914 -2.35462499 170 0 0
-23.00907135 9.53973007 -2.33069992 170 0 0
-23.09853172 9.58992767 -2.24979401 170 0 0
-23.25696182 9.68357944 -2.35907602 170 0 0
-23.10274124 9.70541477 -2.35201812 170 0 0
-23.03303719 9.62591362 -2.31082511 170 0 0
-23.17257881 9.72218800 -2.29634094 170 0 0
-23.13112259 9.43973732 -2.26447392 170 0 0
-23.04747772 9.41346359 -2.33380699 170 0 0
-23.16143990 9.41372395 -2.37133098 170 0 0
-23.06354332 9.37403011 -2.34834695 170 0 0
-23.15402412 9.67968941 -2.29435897 170 0 0
-23.31610870 9.67229462 -2.33562112 170 0 0
-23.02762413 9.50962353 -2.37782598 170 0 0
-23.06149673 9.43609238 -2.29874706 170 0 0
-22.99321175 9.44673347 -2.34558105 170 0 0
-23.02473640 9.49600220 -2.35571909 170 0 0
-23.19631195 9.47892189 -2.24197197 170 0 0
-23.00076675 9.60691261 -2.36930490 170 0 0
-23.09898186 9.72954464 -2.34626794 170 0 0
-23.01331711 9.61762238 -2.31675410 170 0 0
-23.05322647 9.46068287 -2.31585407 170 0 0
-23.07756042 9.37977886 -2.34336400 170 0 0
-23.16972733 9.45568466 -2.24069500 170 0 0
-23.16899681 9.46784687 -2.24875998 170 0 0
-23.10803032 9.70761871 -2.35417509 170 0 0
-23.02754402 9.47220707 -2.28467798 170 0 0
-23.12194252 9.59631538 -2.24633503 170 0 0
-23.11169052 9.39817047 -2.36072397 170 0 0
-23.23815155 9.61325741 -2.30183697 170 0 0
-23.06934929 9.60542870 -2.30799699 170 0 0
-23.02435493 9.42042255 -2.36253500 170 0 0
-23.11586952 9.54658127 -2.24481797 170 0 0
-23.06502533 9.56357765 -2.24398804 170 0 0
-23.05903053 9.45983887 -2.29943705 170 0 0
-23.13508034 9.45348835 -2.29643393 170 0 0
-22.97749138 9.45150089 -2.35970998 170 0 0
-23.06463051 9.36224842 -2.35919809 170 0 0
-23.01305962 9.57932568 -2.35129595 170 0 0
-23.04840088 9.50577259 -2.29247403 170 0 0
-23.06228447 9.63818741 -2.30591893 170 0 0
-23.19346237 9.38910007 -2.32540488 170 0 0
-23.16142082 9.59071922 -2.23544407 170 0 0
-23.34126282 9.67893124 -2.36836600 170 0 0
-23.01821136 9.41098022 -2.34570408 170 0 0
-23.05001640 9.44348526 -2.30282307 170 0 0
-22.98447037 9.51215076 -2.36283803 170 0 0
-23.05269241 9.65466690 -2.36593103 170 0 0
-23.01730347 9.53421783 -2.33030891 170 0 0
-23.22379494 9.68220615 -2.30971909 170 0 0
-23.03223991 9.46182537 -2.31679893 170 0 0
-23.09197044 9.35993958 -2.27661395 170 0 0
-23.16555023 9.58989334 -2.25161505 170 0 0
-23.01191139 9.55362225 -2.29094696 170 0 0
-23.14530373 9.47016716 -2.28037691 170 0 0
-23.09638977 9.70276546 -2.34808111 170 0 0
-23.03735542 9.48847580 -2.29580808 170 0 0
-23.03467178 9.63871956 -2.28592801 170 0 0
-23.05287552 9.44484520 -2.27636409 170 0 0
-23.05343246 9.43277454 -2.30120397 170 0 0
-23.03852463 9.48897457 -2.29444504 170 0 0
-23.10531616 9.40328026 -2.35603499 170 0 0
-23.06371880 9.50458813 -2.30562592 170 0 0
-23.02186584 9.53153133 -2.37641501 170 0 0
-23.10409355 9.63034153 -2.28909397 170 0 0
-23.00950050 9.52773380 -2.30269504 170 0 0
-22.98652840 9.53104496 -2.32121611 170 0 0
-23.14428711 9.57115841 -2.24525499 170 0 0
-23.09555626 9.71523380 -2.35983300 170 0 0
-23.07328415 9.63007355 -2.27893209 170 0 0
-23.06130028 9.54944801 -2.33585811 170 0 0
-23.00900459 9.51475143 -2.36965704 170 0 0
-23.13414192 9.45353508 -2.29309011 170 0 0
-23.03113747 9.57686043 -2.29456997 170 0 0
-23.17652893 9.35697842 -2.35101104 170 0 0
-23.02301025 9.44950199 -2.26806808 170 0 0
-23.03272247 9.39930534 -2.34964490 170 0 0
-23.27648163 9.69382191 -2.30541205 170 0 0
-23.01410675 9.42844963 -2.34731603 170 0 0
-23.18096924 9.49719524 -2.25185990 170 0 0
-23.09621811 9.67743492 -2.30360198 170 0 0
-23.09554672 9.61409664 -2.22753000 170 0 0
-23.02333069 9.54560566 -2.33702898 170 0 0
-22.98543930 9.42963696 -2.34952211 170 0 0
-23.03684044 9.47577190 -2.32357693 170 0 0
-23.06843185 9.45126820 -2.27033091 170 0 0
-23.36980438 9.66360283 -2.35827208 170 0 0
-23.19170380 9.47700405 -2.24601007 170 0 0
-23.05805016 9.42234325 -2.30143499 170 0 0
-22.98670006 9.53095436 -2.31234407 170 0 0
-23.06386185 9.46677399 -2.28348589 170 0 0
-23.09619331 9.59058762 -2.25819707 170 0 0
-23.01146507 9.62878704 -2.38177204 170 0 0
-23.01559639 9.51744080 -2.37539411 170 0 0
-23.04053688 9.58131504 -2.30999398 170 0 0
-23.00978851 9.53856564 -2.31324697 170 0 0
-23.09649277 9.59422970 -2.25688410 170 0 0
-22.99988937 9.43594265 -2.24233389 170 0 0
-23.01538277 9.53524685 -2.36595201 170 0 0
-23.00876045 9.53913403 -2.33307505 170 0 0
-23.03438950 9.52547169 -2.33964705 170 0 0
-23.00694466 9.58973312 -2.29692006 170 0 0
-23.06610680 9.62712383 -2.34981394 170 0 0
-23.04635239 9.49669647 -2.35366702 170 0 0
-23.10547447 9.35343266 -2.26953697 170 0 0
-22.98232269 9.45347023 -2.36182094 170 0 0
-23.09312630 9.38603878 -2.29994893 170 0 0
-22.96854591 9.39917660 -2.36625791 170 0 0
-22.99078751 9.58296394 -2.29995894 170 0 0
-23.16066360 9.59038830 -2.23690796 170 0 0
-23.07866478 9.67006302 -2.30330801 170 0 0
-23.05072975 9.62041664 -2.31123805 170 0 0
-23.14518738 9.45784283 -2.26457310 170 0 0
-23.04988480 9.47475338 -2.31601095 170 0 0
-23.05971336 9.47323132 -2.30213499 170 0 0
-23.13274193 9.47761154 -2.22145796 170 0 0
-23.04329872 9.45342064 -2.34734988 170 0 0
-23.10900879 9.65798664 -2.27127695 170 0 0
-23.03261757 9.41157055 -2.35337400 170 0 0
-23.11395073 9.57109928 -2.29562807 170 0 0
-23.13878441 9.47996712 -2.24009705 170 0 0
-23.24107170 9.65201759 -2.35057998 170 0 0
-23.00619888 9.56000996 -2.36697888 170 0 0
-23.08756447 9.61035442 -2.28687096 170 0 0
-22.96599770 9.55956459 -2.37259412 170 0 0
-23.06532860 9.57604027 -2.33123493 170 0 0
-23.12129784 9.67525482 -2.31684208 170 0 0
-23.06743622 9.38242435 -2.29575896 170 0 0
-23.21800423 9.38652039 -2.32476211 170 0 0
-22.99817085 9.53522873 -2.32651901 170 0 0
-23.03584671 9.66471100 -2.30021405 170 0 0
-23.01607895 9.51788521 -2.27128005 170 0 0
-23.07859230 9.50571728 -2.26245904 170 0 0
-23.09360504 9.51059055 -2.29329300 170 0 0
-23.17181778 9.72042179 -2.28938508 170 0 0
-23.03137970 9.46136665 -2.33120704 170 0 0
-23.18335915 9.61386108 -2.29707193 170 0 0
-23.01642227 9.51379013 -2.35653996 170 0 0
-22.98558617 9.46704292 -2.36777592 170 0 0
-22.97459984 9.53849888 -2.30456090 170 0 0
-23.12483025 9.46191502 -2.25979996 170 0 0
-22.94520950 9.39268684 -2.34749603 170 0 0
-22.99923515 9.52385235 -2.29295802 170 0 0
-23.08624649 9.37110138 -2.29078794 170 0 0
-23.09259033 9.53693390 -2.24725103 170 0 0
-23.06027031 9.62434578 -2.32013392 170 0 0
-23.04522133 9.45429611 -2.28066611 170 0 0
-23.11909866 9.39674759 -2.33453202 170 0 0
-23.05484390 9.43322945 -2.31866097 170 0 0
-23.05989075 9.51031971 -2.32210708 170 0 0
-22.98192215 9.59433174 -2.35097194 170 0 0
-23.07822418 9.70103359 -2.35015607 170 0 0
-23.04371834 9.63082695 -2.24650002 170 0 0
-23.00819206 9.61529064 -2.34361911 170 0 0
-23.02283669 9.43187141 -2.36955690 170 0 0
-23.08183861 9.59555340 -2.28683305 170 0 0
-23.18516922 9.47426510 -2.25614691 170 0 0
-23.06090546 9.51091194 -2.29688597 170 0 0
-23.00017357 9.46059036 -2.33435702 170 0 0
-23.05570793 9.62254715 -2.30536389 170 0 0
-23.02938652 9.58629608 -2.32876205 170 0 0
-23.11209106 9.55779171 -2.24962997 170 0 0
-23.40632629 9.71234035 -2.34491205 170 0 0
-23.08586502 9.53565502 -2.29631996 170 0 0
-23.00179863 9.58715153 -2.35867405 170 0 0
-23.02746773 9.52252483 -2.28155589 170 0 0
-23.07014656 9.52804470 -2.25744200 170 0 0
-23.06856346 9.61522007 -2.32990789 170 0 0
-23.03906250 9.40993595 -2.34380794 170 0 0
-23.02362823 9.50812912 -2.35593295 170 0 0
-23.04251480 9.61697197 -2.31346393 170 0 0
-23.15726662 9.72827816 -2.29683805 170 0 0
-23.05466461 9.40813255 -2.31482291 170 0 0
-23.01337814 9.37832165 -2.33758497 170 0 0
-23.08065605 9.51802921 -2.26650500 170 0 0
-22.99894714 9.61128998 -2.36207199 170 0 0
-23.05906105 9.49750137 -2.28535104 170 0 0
-23.02586174 9.52217293 -2.30680490 170 0 0
-23.05237389 9.62103367 -2.32239008 170 0 0
-22.96667290 9.53477383 -2.29745412 170 0 0
-23.04425240 9.41642761 -2.33836389 170 0 0
-23.04703522 9.65676022 -2.30825710 170 0 0
-23.09036636 9.42282295 -2.30105209 170 0 0
-23.02985764 9.54824066 -2.34738708 170 0 0
-23.17365456 9.35587215 -2.34255600 170 0 0
-23.06486893 9.46221638 -2.30310702 170 0 0
-23.09158134 9.62473202 -2.27552605 170 0 0
-23.09387589 9.60081959 -2.24932098 170 0 0
-23.02164268 9.62085915 -2.35142207 170 0 0
-23.21225357 9.37150669 -2.33988309 170 0 0
-23.05870438 9.63698387 -2.26334405 170 0 0
-23.01296043 9.52918434 -2.29975605 170 0 0
-23.35501862 9.69164085 -2.38067794 170 0 0
-23.04534531 9.47963333 -2.27247000 170 0 0
-23.06340027 9.43688774 -2.29730701 170 0 0
-23.15927696 9.58967495 -2.25822210 170 0 0
-23.19613838 9.47342491 -2.24548793 170 0 0
-23.06805992 9.45077229 -2.32054710 170 0 0
-22.99306488 9.55842972 -2.37768102 170 0 0
-23.04746437 9.63741302 -2.38228011 170 0 0
-23.13957214 9.68725395 -2.38104701 170 0 0
-23.11187363 9.59523773 -2.28362489 170 0 0
-23.00960922 9.61581421 -2.35346198 170 0 0
-23.06268501 9.39858723 -2.31677604 170 0 0
-23.09654236 9.60194588 -2.24810290 170 0 0
-22.99681854 9.46436691 -2.36297297 170 0 0
-23.09376335 9.62558937 -2.28347492 170 0 0
-23.01841354 9.50583839 -2.37519312 170 0 0
-23.07364464 9.47893620 -2.30684495 170 0 0
-23.08751869 9.59531784 -2.29155493 170 0 0
-23.14996529 9.39698696 -2.35321593 170 0 0
-23.06799698 9.41360855 -2.36648393 170 0 0
-23.03318024 9.43629646 -2.34448409 170 0 0
-23.10976601 9.54233360 -2.29282308 170 0 0
-23.07023048 9.45181561 -2.29847288 170 0 0
-23.05289841 9.43205357 -2.30065393 170 0 0
-23.16336632 9.59147263 -2.24329305 170 0 0
-22.99769020 9.59779835 -2.37679410 170 0 0
-23.17295837 9.68929863 -2.31671095 170 0 0
-22.97776413 9.43487072 -2.23858595 170 0 0
-23.07700348 9.60615253 -2.32913709 170 0 0
-23.09497643 9.68964577 -2.35110211 170 0 0
-23.14914322 9.45937347 -2.27743292 170 0 0
-23.17061424 9.45590401 -2.26066899 170 0 0
-23.04678726 9.39439583 -2.31137490 170 0 0
-23.03808975 9.52712440 -2.32234001 170 0 0
-23.13594818 9.64860916 -2.35910201 170 0 0
-22.99728203 9.44729328 -2.33919692 170 0 0
-23.02223206 9.53019810 -2.33562112 170 0 0
-23.13785362 9.54297161 -2.25621295 170 0 0
-23.13264656 9.54080677 -2.25871897 170 0 0
-23.08699036 9.56009293 -2.27132392 170 0 0
-23.18415451 9.74344921 -2.35402799 170 0 0
-23.09601974 9.36109543 -2.34426904 170 0 0
-23.01248932 9.62942123 -2.35080409 170 0 0
-23.01089478 9.52820778 -2.31694889 170 0 0
-23.06314468 9.38592339 -2.32272506 170 0 0
-23.36540031 9.68614864 -2.37113404 170 0 0
-22.99915123 9.61158276 -2.33292198 170 0 0
-23.00552559 9.57655621 -2.29915905 170 0 0
-23.02868843 9.48698139 -2.29180908 170 0 0
-22.98995781 9.56921196 -2.37947392 170 0 0
-23.03675652 9.60370064 -2.35387111 170 0 0
-23.01684570 9.57458973 -2.34688401 170 0 0
-23.10361671 9.46410561 -2.30510712 170 0 0
-23.03516388 9.46333790 -2.27302694 170 0 0
-23.02641869 9.53479004 -2.29643989 170 0 0
-23.05651283 9.40925980 -2.31668901 170 0 0
-23.13670731 9.54780006 -2.26764894 170 0 0
-23.04474258 9.49155331 -2.29190207 170 0 0
-23.06985855 9.74215031 -2.33120203 170 0 0
-23.01142120 9.51581860 -2.36013508 170 0 0
-23.09778214 9.60251331 -2.24065304 170 0 0
-23.20383644 9.71254826 -2.29933596 170 0 0
-23.02215767 9.54526520 -2.37948108 170 0 0
-22.93953705 9.39601707 -2.36657095 170 0 0
-23.05664635 9.64803410 -2.33584595 170 0 0
-23.09295654 9.55189037 -2.27396011 170 0 0
-22.98834229 9.43117332 -2.24591398 170 0 0
-23.07072639 9.37702465 -2.28520703 170 0 0
-23.18460083 9.68301296 -2.30784702 170 0 0
-23.06544495 9.46589375 -2.28809500 170 0 0
-23.05401611 9.59411430 -2.32169604 170 0 0
-23.08102989 9.35545254 -2.28341007 170 0 0
-23.06098366 9.62994099 -2.36464596 170 0 0
-23.06519318 9.60112762 -2.34194994 170 0 0
-23.14643478 9.42028809 -2.26329589 170 0 0
-23.05935287 9.51013279 -2.31570411 170 0 0
-23.05050659 9.60774708 -2.32168007 170 0 0
-23.09641647 9.61400318 -2.29242301 170 0 0
-23.21169472 9.38386059 -2.34025502 170 0 0
-23.19903374 9.48005199 -2.23921800 170 0 0
-23.38565445 9.73646832 -2.37031507 170 0 0
-23.01456642 9.65605164 -2.31035709 170 0 0
-23.01659584 9.51808167 -2.27285290 170 0 0
-23.04434395 9.41623974 -2.37102389 170 0 0
-22.97279549 9.58767033 -2.33686090 170 0 0
-23.10255623 9.64708424 -2.30273390 170 0 0
-23.17736244 9.39424038 -2.32648396 170 0 0
-23.03954124 9.66620922 -2.30703807 170 0 0
-22.94091606 9.39823055 -2.37433600 170 0 0
-23.09416389 9.62582493 -2.27418494 170 0 0
-22.99045372 9.53224182 -2.29550910 170 0 0
-23.13482857 9.64918804 -2.36362505 170 0 0
-23.16525650 9.69355297 -2.30828595 170 0 0
-23.20668983 9.39434624 -2.34276009 170 0 0
-23.21288490 9.39680004 -2.35002899 170 0 0
-23.08984566 9.65398312 -2.36724091 170 0 0
-23.05674744 9.39627171 -2.30212498 170 0 0
-23.10346985 9.74365711 -2.38134789 170 0 0
-23.19606018 9.47873306 -2.25401497 170 0 0
-23.07708740 9.74527168 -2.32087493 170 0 0
-23.01407242 9.55564499 -2.31927896 170 0 0
-23.12531471 9.43717194 -2.29197598 170 0 0
-23.08032227 9.69979668 -2.36156702 170 0 0
-23.33567619 9.64111519 -2.31437111 170 0 0
-23.01611519 9.63095570 -2.34952998 170 0 0
-23.03396034 9.60518646 -2.37135601 170 0 0
-23.10404968 9.60612774 -2.30185699 170 0 0
-23.17306519 9.44369030 -2.25418210 170 0 0
-23.01796150 9.60622120 -2.38395309 170 0 0
-23.01610756 9.59494686 -2.35625911 170 0 0
-23.19682693 9.36526108 -2.33997893 170 0 0
-22.99130630 9.58896446 -2.35726595 170 0 0
-23.02968979 9.44792461 -2.33466196 170 0 0
-22.99389267 9.47060204 -2.34901810 170 0 0
-23.06057739 9.41088295 -2.32345796 170 0 0
-23.09092903 9.48598289 -2.31637406 170 0 0
-23.05460930 9.59668827 -2.34570909 170 0 0
-23.04092979 9.65399361 -2.33800411 170 0 0
-23.04378891 9.65976524 -2.32798505 170 0 0
-23.05304527 9.55781841 -2.35455203 170 0 0
-23.09441185 9.61166573 -2.25613093 170 0 0
-23.10243607 9.62922001 -2.28117490 170 0 0
-23.04154968 9.57914162 -2.30177903 170 0 0
-23.05608559 9.41026020 -2.31825399 170 0 0
-23.18638420 9.38636112 -2.30713010 170 0 0
-23.31484795 9.69312477 -2.36744308 170 0 0
-23.12657547 9.61432362 -2.26634407 170 0 0
-23.05176163 9.50735188 -2.32774591 170 0 0
-23.13100052 9.61137867 -2.30135608 170 0 0
-23.05707169 9.58531380 -2.34328294 170 0 0
-22.97079659 9.49975204 -2.35761189 170 0 0
-23.01262474 9.44102859 -2.26204896 170 0 0
-23.08091354 9.53214645 -2.30872393 170 0 0
-23.01535988 9.61802578 -2.38023710 170 0 0
-23.03713226 9.51385975 -2.33461499 170 0 0
-23.02008438 9.67078304 -2.33073807 170 0 0
-22.99794388 9.43536758 -2.24349189 170 0 0
-23.19484329 9.40121460 -2.34436798 170 0 0
-23.07068443 9.37697220 -2.29007697 170 0 0
-23.06274414 9.38590527 -2.35980201 170 0 0
-23.01203537 9.64180279 -2.34640503 170 0 0
-23.03553200 9.56344414 -2.36052108 170 0 0
-23.37551117 9.74180889 -2.37972999 170 0 0
-23.35796356 9.67003727 -2.33996296 170 0 0
-23.00407410 9.61348438 -2.35452700 170 0 0
-22.96860695 9.42287254 -2.34916401 170 0 0
-23.27812386 9.69274998 -2.34819007 170 0 0
-23.21358109 9.68771267 -2.33225894 170 0 0
-23.14913177 9.64130306 -2.38235092 170 0 0
-22.99862480 9.46336079 -2.35895205 170 0 0
-23.04113579 9.41513824 -2.34138894 170 0 0
-23.07064629 9.36025906 -2.28250289 170 0 0
-23.14569283 9.44591331 -2.23388696 170 0 0
-23.04652405 9.50517559 -2.33047891 170 0 0
-23.05884552 9.42858028 -2.31500793 170 0 0
-23.09888077 9.42633343 -2.29716396 170 0 0
-23.07386780 9.64319897 -2.28185892 170 0 0
-23.04552460 9.45438576 -2.34114790 170 0 0
-23.16613960 9.59184361 -2.29290199 170 0 0
-23.39899826 9.71705341 -2.37632489 170 0 0
-22.99974632 9.58633232 -2.35365295 170 0 0
-23.01517677 9.51483536 -2.27192712 170 0 0
-23.11867714 9.71874046 -2.37973499 170 0 0
-23.04846573 9.47552872 -2.32026410 170 0 0
-23.04530907 9.45442772 -2.34590197 170 0 0
-23.02205467 9.63331985 -2.36647105 170 0 0
-23.03691864 9.43787861 -2.33670592 170 0 0
-23.36960220 9.66379547 -2.34926295 170 0 0
-23.03897858 9.51472569 -2.32027507 170 0 0
-23.10144615 9.38955688 -2.33591890 170 0 0
-23.05365372 9.48308277 -2.26709890 170 0 0
-23.02942085 9.49033260 -2.33505392 170 0 0
-23.07139587 9.75535202 -2.31640100 170 0 0
-23.09664154 9.52585602 -2.27077389 170 0 0
-23.08627510 9.40795898 -2.29698610 170 0 0
-23.00798225 9.63996506 -2.36574292 170 0 0
-23.02977180 9.54843998 -2.37692094 170 0 0
-23.04909325 9.61670399 -2.33250809 170 0 0
-23.04928589 9.44315147 -2.30752110 170 0 0
-23.17338181 9.35574436 -2.34578896 170 0 0
-23.06542587 9.42484570 -2.30752802 170 0 0
-23.13503265 9.54873562 -2.27604294 170 0 0
-23.05605507 9.60993767 -2.33993411 170 0 0
-23.08342934 9.55863571 -2.26768208 170 0 0
-23.09316635 9.38600159 -2.30808806 170 0 0
-23.05265808 9.38178253 -2.36053705 170 0 0
-23.02648544 9.38357544 -2.35174704 170 0 0
-23.05943680 9.53575802 -2.35179305 170 0 0
-22.97299957 9.44972229 -2.34941697 170 0 0
-23.05490875 9.60947704 -2.33675194 170 0 0
-23.01458359 9.60521221 -2.32495999 170 0 0
-23.22782326 9.71986675 -2.35832906 170 0 0
-23.33163071 9.66388893 -2.34779096 170 0 0
-23.05508804 9.61344337 -2.29382396 170 0 0
-23.01221848 9.40318489 -2.35788989 170 0 0
-23.07487488 9.75680542 -2.31839895 170 0 0
-23.00793839 9.53963280 -2.30410910 170 0 0
-23.04546738 9.64351082 -2.31236410 170 0 0
-23.10965729 9.72128773 -2.34342408 170 0 0
-23.13670349 9.68916798 -2.28656697 170 0 0
-23.02282906 9.65946865 -2.33081698 170 0 0
-23.00155449 9.52235699 -2.36010194 170 0 0
-23.04637337 9.40480423 -2.36097193 170 0 0
-23.04032707 9.52783966 -2.35321903 170 0 0
-23.05188560 9.41968536 -2.31976390 170 0 0
-23.00105667 9.47846317 -2.35385299 170 0 0
-23.04431152 9.63112640 -2.23908401 170 0 0
-23.08235741 9.35600853 -2.28032899 170 0 0
-23.06379509 9.37400913 -2.36644292 170 0 0
-23.17344856 9.55766678 -2.25802898 170 0 0
-23.11525917 9.70069408 -2.35571599 170 0 0
-23.37784004 9.70017338 -2.36307096 170 0 0
-22.93572426 9.40910721 -2.36426401 170 0 0
-23.04184341 9.52038193 -2.28445005 170 0 0
-22.99779320 9.61098003 -2.33767390 170 0 0
-23.13205147 9.45244217 -2.26793694 170 0 0
-22.99563789 9.38426208 -2.33307290 170 0 0
-23.03073311 9.39851093 -2.34785891 170 0 0
-23.05648613 9.44630623 -2.27830291 170 0 0
-22.96659851 9.53470898 -2.30224609 170 0 0
-23.08286095 9.67795181 -2.33259392 170 0 0
-23.11518669 9.66001415 -2.36624908 170 0 0
-23.10228920 9.40449619 -2.31789589 170 0 0
-23.08055878 9.56994724 -2.25469303 170 0 0
-23.00348854 9.61322212 -2.35764503 170 0 0
-23.01323318 9.59205723 -2.34042001 170 0 0
-23.01751709 9.61389256 -2.38226199 170 0 0
-23.00263405 9.46101665 -2.35053492 170 0 0
-23.05902863 9.44731331 -2.28482795 170 0 0
-23.00707245 9.47882271 -2.35854101 170 0 0
-23.06558609 9.61402130 -2.25601602 170 0 0
-23.11632347 9.36954021 -2.31561303 170 0 0
-23.02163124 9.67104912 -2.32134795 170 0 0
-23.05224037 9.50756836 -2.32624793 170 0 0
-23.20878601 9.69022655 -2.36271000 170 0 0
-23.03237534 9.65049744 -2.32424092 170 0 0
-23.16207695 9.45261574 -2.23386908 170 0 0
-23.00325203 9.57522678 -2.35341191 170 0 0
-23.18036461 9.72547245 -2.29400110 170 0 0
-23.05357742 9.46065140 -2.29489708 170 0 0
-23.08625984 9.65606976 -2.33495903 170 0 0
-23.16438293 9.40281963 -2.35629797 170 0 0
-23.11153221 9.60826397 -2.23749709 170 0 0
-23.09969330 9.57763195 -2.29216695 170 0 0
-23.07965088 9.38059902 -2.29412103 170 0 0
-22.99677849 9.64833260 -2.35883093 170 0 0
-23.03713989 9.46402931 -2.29053402 170 0 0
-23.00173950 9.42331505 -2.35588598 170 0 0
-23.02683258 9.45955181 -2.32437897 170 0 0
-23.03353691 9.50409222 -2.34663010 170 0 0
-23.03533554 9.47508526 -2.33302498 170 0 0
-23.16687584 9.59301186 -2.23152900 170 0 0
-23.14539528 9.53340244 -2.24451494 170 0 0
-23.05233002 9.50748253 -2.34230995 170 0 0
-23.04908943 9.51885033 -2.32775402 170 0 0
-23.09873581 9.69098091 -2.38580990 170 0 0
-23.09493256 9.57585335 -2.26374507 170 0 0
-23.13341713 9.73145580 -2.32004094 170 0 0
-23.09296227 9.60047531 -2.24466705 170 0 0
-23.13122177 9.43975925 -2.26763201 170 0 0
-23.07019043 9.41455555 -2.30377793 170 0 0
-23.09509659 9.41193295 -2.30104494 170 0 0
-23.14695358 9.69872475 -2.30223107 170 0 0
-23.14011955 9.60643387 -2.26797605 170 0 0
-23.16152191 9.59455490 -2.25687194 170 0 0
-23.18610954 9.72793388 -2.28686905 170 0 0
-23.08115959 9.38145447 -2.31321406 170 0 0
-23.02606583 9.54672337 -2.33893991 170 0 0
-23.01321983 9.48549271 -2.34995508 170 0 0
-22.99838638 9.43484402 -2.31069589 170 0 0
-23.01696968 9.58083057 -2.36958694 170 0 0
-23.00291061 9.51214409 -2.38075900 170 0 0
-23.05761909 9.63212204 -2.26415706 170 0 0
-23.04800415 9.39363289 -2.32733703 170 0 0
-23.14030457 9.66690922 -2.34228396 170 0 0
-23.26263428 9.68058968 -2.33995390 170 0 0
-23.03466225 9.51278877 -2.34082794 170 0 0
-23.09982300 9.56256294 -2.27782202 170 0 0
-23.00265312 9.63792515 -2.33894205 170 0 0
-23.07810020 9.70790958 -2.35474396 170 0 0
-23.03845787 9.52711868 -2.34486103 170 0 0
-23.09684563 9.59013844 -2.26700997 170 0 0
-23.02666283 9.52238178 -2.32429290 170 0 0
-23.02069283 9.44413090 -2.34831405 170 0 0
-23.03771400 9.46405602 -2.32066798 170 0 0
-23.05332756 9.65439510 -2.35703111 170 0 0
-23.03683853 9.58332443 -2.32020211 170 0 0
-23.41156960 9.70265770 -2.34117699 170 0 0
-23.05858421 9.64889622 -2.32796311 170 0 0
-22.97106743 9.51977921 -2.38060904 170 0 0
-23.11162186 9.34391212 -2.25943089 170 0 0
-23.00850487 9.59920597 -2.35920000 170 0 0
-23.09177780 9.61250687 -2.29994011 170 0 0
-22.92938614 9.41972828 -2.34190106 170 0 0
-23.13679314 9.48816395 -2.24590206 170 0 0
-23.09589386 9.61427593 -2.22312188 170 0 0
-23.11910820 9.67855835 -2.33363390 170 0 0
-23.04708290 9.45500755 -2.34293199 170 0 0
-23.10803986 9.59369946 -2.27542901 170 0 0
-23.15915108 9.46340942 -2.28615999 170 0 0
-22.97653008 9.58919430 -2.34211802 170 0 0
-23.06502914 9.48779678 -2.26349711 170 0 0
-22.99000359 9.59460735 -2.37277794 170 0 0
-23.08388901 9.73785114 -2.32761002 170 0 0
-23.10989571 9.56276703 -2.29753089 170 0 0
-23.11279106 9.58320427 -2.27340388 170 0 0
-23.14572525 9.72447014 -2.36346102 170 0 0
-23.09581566 9.39939690 -2.35828304 170 0 0
-23.09877777 9.72923565 -2.33435893 170 0 0
-23.24731255 9.66923904 -2.35914111 170 0 0
-23.14396858 9.43179989 -2.25592303 170 0 0
-22.97577667 9.43881798 -2.34182596 170 0 0
-23.09340286 9.58771133 -2.26160312 170 0 0
-23.11545944 9.59670925 -2.28696895 170 0 0
-23.19643593 9.39032173 -2.32405591 170 0 0
-23.15356827 9.58778000 -2.25914097 170 0 0
-23.02209854 9.44484615 -2.32755399 170 0 0
-23.11269379 9.60844803 -2.27903795 170 0 0
-23.06755829 9.62752724 -2.30183196 170 0 0
-23.25794220 9.66364670 -2.30098200 170 0 0
-23.05258560 9.43228817 -2.32006311 170 0 0
-23.01870155 9.44312382 -2.32077909 170 0 0
-23.28332138 9.56752777 -2.28816891 170 0 0
-23.16822052 9.61074543 -2.30254507 170 0 0
-23.03388405 9.53765583 -2.33048606 170 0 0
-23.03845406 9.48911858 -2.26940799 170 0 0
-23.01528358 9.60508728 -2.38524508 170 0 0
-23.09311485 9.58753872 -2.26914096 170 0 0
-22.99283409 9.58352089 -2.34332800 170 0 0
-23.03345490 9.54960918 -2.36568904 170 0 0
-23.08256340 9.73470783 -2.33200407 170 0 0
-23.09560394 9.55099297 -2.24659300 170 0 0
-23.02355385 9.38239765 -2.34837198 170 0 0
-23.03542137 9.66451454 -2.30172610 170 0 0
-22.99601364 9.43430233 -2.24811006 170 0 0
-23.02541542 9.57250595 -2.29072905 170 0 0
-23.15257835 9.63964176 -2.29779506 170 0 0
-23.11891365 9.53512669 -2.26056504 170 0 0
-23.01986313 9.62013340 -2.34969807 170 0 0
-23.06431961 9.38665104 -2.34540892 170 0 0
-23.21982193 9.62327480 -2.30935502 170 0 0
-23.01975060 9.63240814 -2.35961008 170 0 0
-23.14837456 9.50035858 -2.26686192 170 0 0
-22.99671364 9.47171211 -2.35742402 170 0 0
-23.01492500 9.51718140 -2.37196207 170 0 0
-23.04933929 9.41869736 -2.31171107 170 0 0
-23.03785706 9.42603493 -2.35080194 170 0 0
-23.03640938 9.52658558 -2.29986811 170 0 0
-23.08750534 9.53460503 -2.34556699 170 0 0
-23.00519943 9.47537804 -2.33227897 170 0 0
-23.04890633 9.60694122 -2.34088492 170 0 0
-23.08093071 9.70911694 -2.35350895 170 0 0
-23.02704430 9.50952339 -2.35786700 170 0 0
-23.04471207 9.66836071 -2.31064391 170 0 0
-23.07440758 9.60254002 -2.32449508 170 0 0
-22.97850990 9.58991623 -2.35677290 170 0 0
-23.02762032 9.44667053 -2.32437897 170 0 0
-23.37380981 9.68167591 -2.36840105 170 0 0
-23.06401062 9.49936581 -2.31106710 170 0 0
-23.14434052 9.48188305 -2.25269604 170 0 0
-23.10293388 9.61724091 -2.21927595 170 0 0
-23.02997780 9.39816761 -2.35258508 170 0 0
-23.03275108 9.58781815 -2.31143594 170 0 0
-23.07790565 9.50546932 -2.25783300 170 0 0
-23.10652924 9.71995354 -2.34463191 170 0 0
-23.01861000 9.58165264 -2.35015512 170 0 0
-23.17691040 9.39418316 -2.31032300 170 0 0
-23.09729958 9.47595215 -2.24423099 170 0 0
-23.05996513 9.39740753 -2.32789397 170 0 0
-23.10132790 9.64775181 -2.32480502 170 0 0
-23.02412987 9.44863701 -2.31919599 170 0 0
-22.97033310 9.41870022 -2.35342598 170 0 0
-22.99126434 9.58318138 -2.29841900 170 0 0
-23.19044495 9.47652245 -2.27082896 170 0 0
-23.10057068 9.74246883 -2.37612796 170 0 0
-23.01991463 9.53152657 -2.37786698 170 0 0
-23.15917587 9.46362686 -2.25509405 170 0 0
-23.02881432 9.44593620 -2.32910609 170 0 0
-23.04029274 9.41477585 -2.34293389 170 0 0
-23.07796288 9.53125477 -2.26129603 170 0 0
-23.01586342 9.43363571 -2.31456494 170 0 0
-23.03182793 9.54930973 -2.37541103 170 0 0
-23.05006218 9.44370937 -2.27310109 170 0 0
-23.08196640 9.53261471 -2.30384493 170 0 0
-23.28533745 9.56637096 -2.29290009 170 0 0
-23.13690567 9.54763889 -2.28305602 170 0 0
-23.08363914 9.53334045 -2.29932809 170 0 0
-23.07416916 9.61766815 -2.24597597 170 0 0
-23.10395050 9.57946777 -2.28328991 170 0 0
-23.03338242 9.56258678 -2.35548711 170 0 0
-23.04381561 9.57982063 -2.34029794 170 0 0
-23.08560371 9.39513111 -2.31529808 170 0 0
-23.08341408 9.60867882 -2.27874303 170 0 0
-23.10450935 9.66212845 -2.34987998 170 0 0
-23.03183937 9.53679180 -2.33188891 170 0 0
-23.10070038 9.57803345 -2.29553199 170 0 0
-23.19115448 9.65926075 -2.30623007 170 0 0
-23.13027382 9.40134335 -2.32923698 170 0 0
-23.01849365 9.47235298 -2.32038307 170 0 0
-22.97059631 9.51123047 -2.35637403 170 0 0
-23.06050873 9.51059246 -2.31899405 170 0 0
-23.10205841 9.44004917 -2.28518605 170 0 0
-23.05006981 9.51566887 -2.29720807 170 0 0
-23.05457306 9.39493179 -2.36634994 170 0 0
-23.06005859 9.64956474 -2.32173109 170 0 0
-23.44167519 9.68657589 -2.35152006 170 0 0
-23.04200745 9.55325985 -2.35196400 170 0 0
-23.26761246 9.67784595 -2.34770608 170 0 0
-23.13585663 9.73246384 -2.32352304 170 0 0
-23.01543045 9.53011990 -2.31267095 170 0 0
-23.14832497 9.45905495 -2.27434301 170 0 0
-23.02934074 9.46087742 -2.28172493 170 0 0
-23.00781059 9.43856621 -2.24700403 170 0 0
-23.11225510 9.72223854 -2.36313796 170 0 0
-23.19183350 9.37605667 -2.35764289 170 0 0
-23.19252968 9.47548294 -2.23599505 170 0 0
-23.07081795 9.45207310 -2.29554105 170 0 0
-23.08338547 9.39436913 -2.29454708 170 0 0
-23.05966949 9.64936829 -2.32642603 170 0 0
-23.05938148 9.41037655 -2.32500601 170 0 0
-23.00431061 9.51284504 -2.36429191 170 0 0
-22.98774910 9.46796799 -2.36311793 170 0 0
-23.02905273 9.61126709 -2.32475495 170 0 0
-23.04345894 9.49856281 -2.28201199 170 0 0
-23.01362419 9.56706333 -2.36659408 170 0 0
-23.14645195 9.53387070 -2.24012804 170 0 0
-23.20842934 9.58854961 -2.28391409 170 0 0
-23.11220169 9.68235779 -2.34349895 170 0 0
-23.07666969 9.53058434 -2.28119802 170 0 0
-23.06164551 9.48807621 -2.30101895 170 0 0
-23.19712639 9.47920322 -2.24963498 170 0 0
-23.03013420 9.46121979 -2.28031993 170 0 0
-23.04117966 9.60125732 -2.33915806 170 0 0
-23.13725853 9.45458603 -2.26543689 170 0 0
-23.04576683 9.63164806 -2.25288892 170 0 0
-23.14300346 9.43138790 -2.25900602 170 0 0
-23.10673714 9.39620590 -2.32727289 170 0 0
-23.08545494 9.55618668 -2.24860311 170 0 0
-23.04180336 9.55348015 -2.37154007 170 0 0
-23.03664589 9.43780136 -2.33180904 170 0 0
-23.14628983 9.48322964 -2.26848102 170 0 0
-23.09494019 9.37449741 -2.36897802 170 0 0
-23.01471519 9.47447109 -2.33972192 170 0 0
-22.95257378 9.41598415 -2.37077594 170 0 0
-23.02394867 9.53096867 -2.34668899 170 0 0
-23.07317734 9.52214622 -2.30015397 170 0 0
-23.05398178 9.53303146 -2.31192207 170 0 0
-23.03116226 9.52415466 -2.33595705 170 0 0
-23.09079361 9.62471199 -2.30042696 170 0 0
-23.04293060 9.41785336 -2.33562994 170 0 0
-23.05256462 9.55441475 -2.32518792 170 0 0
-23.09001923 9.40975857 -2.31487393 170 0 0
-23.06233025 9.62527561 -2.31073403 170 0 0
-23.41398430 9.76218796 -2.37297606 170 0 0
-23.00448990 9.52072906 -2.33370996 170 0 0
-23.08023834 9.36872292 -2.33973598 170 0 0
-23.21158791 9.37127399 -2.33498907 170 0 0
-23.06370735 9.44902420 -2.31523705 170 0 0
-23.04167557 9.43849754 -2.31840897 170 0 0
-23.16424179 9.73119068 -2.30065203 170 0 0
-23.03793526 9.42604923 -2.35406709 170 0 0
-23.05073929 9.39209843 -2.30335307 170 0 0
-23.06744766 9.66532993 -2.30701089 170 0 0
-23.06781006 9.63506699 -2.32135606 170 0 0
-23.01550102 9.44217396 -2.26858211 170 0 0
-23.05757141 9.42212963 -2.30293202 170 0 0
-23.08739853 9.53513527 -2.26520991 170 0 0
-23.08842087 9.38403320 -2.36723900 170 0 0
-23.03183556 9.47388744 -2.29770088 170 0 0
-23.04089165 9.56577301 -2.34653592 170 0 0
-23.00110245 9.56404018 -2.36818910 170 0 0
-23.26348686 9.63994312 -2.31466103 170 0 0
-23.08299637 9.59601688 -2.28842402 170 0 0
-23.19729042 9.47272015 -2.26110196 170 0 0
-23.02791214 9.48949814 -2.37885094 170 0 0
-23.03725433 9.46156693 -2.33089590 170 0 0
-23.15141487 9.64014912 -2.33307910 170 0 0
-23.14126205 9.68369484 -2.30759597 170 0 0
-22.99170494 9.53265381 -2.31147408 170 0 0
-23.05750084 9.61057377 -2.33533907 170 0 0
-23.05728722 9.50947189 -2.28871894 170 0 0
-22.99677277 9.44467831 -2.35525608 170 0 0
-23.05428314 9.44507790 -2.32562494 170 0 0
-23.00240135 9.61275005 -2.35916209 170 0 0
-23.02361488 9.67202091 -2.30099511 170 0 0
-23.05475616 9.38967609 -2.33996105 170 0 0
-22.99238586 9.53290558 -2.37796402 170 0 0
-23.08384323 9.52050877 -2.27871490 170 0 0
-23.09569931 9.58864689 -2.26498103 170 0 0
-23.31552124 9.69103813 -2.37334704 170 0 0
-23.00894356 9.52482319 -2.30144191 170 0 0
-23.04602623 9.47951603 -2.32921505 170 0 0
-23.06686783 9.47646523 -2.26054597 170 0 0
-22.99240875 9.52019119 -2.36846089 170 0 0
-23.03308678 9.46405029 -2.28372598 170 0 0
-23.03578949 9.57650280 -2.33631802 170 0 0
-23.01807213 9.51893520 -2.30763793 170 0 0
-23.17457962 9.40679264 -2.32178402 170 0 0
-23.00997353 9.60290527 -2.37971711 170 0 0
-23.09174728 9.61246300 -2.23496294 170 0 0
-23.25743484 9.70408440 -2.30832005 170 0 0
-23.09081650 9.65340233 -2.37197304 170 0 0
-23.03455162 9.52450943 -2.28959990 170 0 0
-23.01899147 9.43187523 -2.31970811 170 0 0
-23.09778023 9.51868439 -2.26546502 170 0 0
-23.12198639 9.69700909 -2.34803391 170 0 0
-23.31691742 9.69036961 -2.35742688 170 0 0
-23.21454430 9.39756203 -2.33874011 170 0 0
-23.18288994 9.38489246 -2.31474400 170 0 0
-23.09733582 9.58941269 -2.25266600 170 0 0
-23.13420105 9.68070507 -2.31172991 170 0 0
-23.10803223 9.60658073 -2.26910305 170 0 0
-23.16101646 9.57795143 -2.26525211 170 0 0
-23.05535507 9.52145386 -2.32669592 170 0 0
-23.07103920 9.37711239 -2.34432697 170 0 0
-23.05437660 9.41133881 -2.30667496 170 0 0
-23.02131462 9.41942501 -2.32660294 170 0 0
-23.09650421 9.59416866 -2.29363894 170 0 0
-23.08801079 9.61514759 -2.28533411 170 0 0
-23.02279091 9.62159729 -2.31461000 170 0 0
-23.00719070 9.57679558 -2.36376500 170 0 0
-23.03376770 9.58822346 -2.31465411 170 0 0
-23.06858253 9.51418114 -2.28176594 170 0 0
-23.20676422 9.38190365 -2.33493710 170 0 0
-23.03688049 9.57697392 -2.33478498 170 0 0
-23.15205383 9.75151539 -2.36237001 170 0 0
-23.12908363 9.69319534 -2.33815193 170 0 0
-23.02012825 9.46895123 -2.31383991 170 0 0
-22.99744225 9.64698315 -2.35943794 170 0 0
-23.11893082 9.38427925 -2.30665994 170 0 0
-23.02506065 9.49597931 -2.37719107 170 0 0
-23.03129005 9.63737488 -2.27630901 170 0 0
-23.03657341 9.42552662 -2.34904504 170 0 0
-23.00025749 9.64977646 -2.36082411 170 0 0
-23.09371185 9.39848328 -2.30819106 170 0 0
-23.14001846 9.48045540 -2.24180508 170 0 0
-23.00482750 9.58829212 -2.37713790 170 0 0
-23.05172348 9.47380733 -2.27661490 170 0 0
-23.02015305 9.63261032 -2.35483789 170 0 0
-23.16899490 9.45510006 -2.28064799 170 0 0
-23.08111382 9.61906338 -2.25780797 170 0 0
-23.00449562 9.57609272 -2.30387402 170 0 0
-23.03031540 9.47315788 -2.31176901 170 0 0
-23.03711128 9.46415615 -2.27006602 170 0 0
-22.96723175 9.50966454 -2.38077092 170 0 0
-23.21124458 9.70836163 -2.35679603 170 0 0
-23.14403725 9.36888123 -2.35113311 170 0 0
-23.04243088 9.56642914 -2.34354401 170 0 0
-23.03135490 9.48623562 -2.32374692 170 0 0
-23.12200546 9.46079540 -2.25497103 170 0 0
-23.01015472 9.62825489 -2.37838411 170 0 0
-23.03265381 9.40728569 -2.36526895 170 0 0
-23.14704514 9.53409767 -2.24158692 170 0 0
-23.04625320 9.54303741 -2.29375196 170 0 0
-23.05648804 9.51189709 -2.32943511 170 0 0
-23.04590416 9.64352226 -2.33793592 170 0 0
-23.14449120 9.43190670 -2.27153206 170 0 0
-23.04471588 9.49162769 -2.27929711 170 0 0
-23.11437988 9.54620743 -2.27732301 170 0 0
-23.00007629 9.52316284 -2.36433005 170 0 0
-23.09326363 9.72687912 -2.33855891 170 0 0
-23.10893059 9.58151436 -2.28533411 170 0 0
-23.00496101 9.60116863 -2.36295795 170 0 0
-23.04417038 9.58031940 -2.28941894 170 0 0
-23.00433731 9.55037308 -2.37556696 170 0 0
-23.10841942 9.41703415 -2.29290509 170 0 0
-23.06613731 9.50653362 -2.28505111 170 0 0
-23.05581474 9.58493233 -2.32364202 170 0 0
-23.00733948 9.57687473 -2.36199594 170 0 0
-23.04536819 9.47730160 -2.33062291 170 0 0
-23.18648529 9.37388706 -2.30742502 170 0 0
-23.04363441 9.66652775 -2.30914998 170 0 0
-23.19471550 9.35151291 -2.34879088 170 0 0
-23.01683617 9.45534229 -2.33786011 170 0 0
-23.02119255 9.46963024 -2.27925611 170 0 0
-23.00013161 9.66224766 -2.35140204 170 0 0
-23.11381721 9.73550129 -2.34712195 170 0 0
-22.95292473 9.40834045 -2.35634208 170 0 0
-23.00948715 9.52724361 -2.37190104 170 0 0
-23.05036926 9.41908264 -2.31652808 170 0 0
-23.18641281 9.39787102 -2.33384299 170 0 0
-22.99448395 9.50883389 -2.35495901 170 0 0
-23.03050041 9.55372047 -2.32845592 170 0 0
-23.13991165 9.54590321 -2.28811002 170 0 0
-23.11859894 9.37045670 -2.36793709 170 0 0
-23.20472336 9.40518284 -2.35036111 170 0 0
-23.14473534 9.64392567 -2.32074094 170 0 0
-23.07369041 9.74380302 -2.32526994 170 0 0
-23.16302681 9.58888054 -2.22973895 170 0 0
-23.08774185 9.67529297 -2.32905197 170 0 0
-23.08484077 9.38296795 -2.31195903 170 0 0
-22.98344231 9.51658344 -2.35279894 170 0 0
-23.05001259 9.41885090 -2.32934594 170 0 0
-23.04627609 9.61842442 -2.29651809 170 0 0
-23.04861259 9.43455791 -2.30860496 170 0 0
-23.06725693 9.46364594 -2.30435801 170 0 0
-23.11496925 9.58407116 -2.27826810 170 0 0
-23.07825661 9.55646038 -2.27200007 170 0 0
-23.06496239 9.38701820 -2.32929397 170 0 0
-22.99068451 9.50852966 -2.36879206 170 0 0
-23.08913231 9.51304626 -2.31214499 170 0 0
-23.05863571 9.41003799 -2.32965708 170 0 0
-22.98397636 9.43085098 -2.36569405 170 0 0
-23.14707756 9.69879341 -2.30070210 170 0 0
-22.98868561 9.54432964 -2.30919003 170 0 0
-23.11523438 9.62015915 -2.30696511 170 0 0
-23.08208275 9.51981831 -2.27398801 170 0 0
-23.05046272 9.39223671 -2.32329106 170 0 0
-23.11166000 9.58275223 -2.27148199 170 0 0
-23.05528641 9.60972118 -2.32375097 170 0 0
-23.07887459 9.68263340 -2.38703489 170 0 0
-23.05277061 9.55768681 -2.35778499 170 0 0
-23.15976143 9.71674156 -2.30450106 170 0 0
-23.09404945 9.49062634 -2.27502990 170 0 0
-23.08244324 9.65800381 -2.38620400 170 0 0
-23.13186073 9.67970943 -2.31297708 170 0 0
-23.15982246 9.71682930 -2.36198306 170 0 0
-22.96979141 9.54066563 -2.29808497 170 0 0
-23.12311745 9.37232876 -2.31141400 170 0 0
-23.06237793 9.46126366 -2.29196191 170 0 0
-23.07659531 9.63147259 -2.27768707 170 0 0
-23.10367775 9.41508389 -2.29407310 170 0 0
-23.14447403 9.38092995 -2.32153702 170 0 0
-23.04465294 9.44126892 -2.30557489 170 0 0
-23.05048370 9.49393368 -2.29082298 170 0 0
-22.99377441 9.53363514 -2.29420710 170 0 0
-23.01006889 9.52788258 -2.31525898 170 0 0
-23.10600281 9.60594845 -2.23835707 170 0 0
-23.06052589 9.41052532 -2.37052989 170 0 0
-23.09429550 9.56036663 -2.26619506 170 0 0
-23.04942513 9.56941986 -2.33294797 170 0 0
-22.99199867 9.59547520 -2.36819196 170 0 0
-23.08094788 9.59901524 -2.27940106 170 0 0
-23.03698158 9.37537003 -2.36381507 170 0 0
-23.06590843 9.46578217 -2.24216294 170 0 0
-23.12597466 9.45138264 -2.26742005 170 0 0
-23.14661026 9.47072029 -2.27749300 170 0 0
-23.01791954 9.65715027 -2.36761403 170 0 0
-22.96342087 9.53344154 -2.29399395 170 0 0
-23.02835846 9.52291012 -2.27854395 170 0 0
-23.08074760 9.51921463 -2.28158689 170 0 0
-23.04720497 9.39191341 -2.36884809 170 0 0
-23.14038849 9.43027020 -2.26486301 170 0 0
-23.14184761 9.66612530 -2.30938911 170 0 0
-23.36388016 9.66180706 -2.28667593 170 0 0
-23.04158020 9.40286636 -2.35865211 170 0 0
-23.17124176 9.72161007 -2.29785895 170 0 0
-23.04570961 9.65618801 -2.30965900 170 0 0
-23.05607986 9.58713722 -2.30783010 170 0 0
-23.01390648 9.64239502 -2.37452102 170 0 0
-23.08386803 9.60883331 -2.28495312 170 0 0
-23.00236130 9.60263157 -2.37141991 170 0 0
-23.21313858 9.39683056 -2.35977006 170 0 0
-23.09942818 9.65384579 -2.29058194 170 0 0
-23.01574326 9.41239071 -2.34086299 170 0 0
-23.03964233 9.41007996 -2.35494709 170 0 0
-23.04472733 9.65924835 -2.31935811 170 0 0
-23.09773064 9.47625065 -2.22606611 170 0 0
-23.09733963 9.42568588 -2.29859900 170 0 0
-23.02215385 9.52058697 -2.31275511 170 0 0
-23.08846283 9.37198257 -2.29426599 170 0 0
-23.14254189 9.73492527 -2.37423110 170 0 0
-23.09654999 9.63967705 -2.29684997 170 0 0
-23.17263031 9.49409008 -2.26025295 170 0 0
-23.07558632 9.63101673 -2.28220797 170 0 0
-22.92383957 9.41743279 -2.34297991 170 0 0
-23.11465645 9.68099594 -2.35289693 170 0 0
-23.13703537 9.66880989 -2.31287599 170 0 0
-23.16595078 9.49125004 -2.27509189 170 0 0
-23.17430687 9.35609913 -2.34761095 170 0 0
-23.01922798 9.64471054 -2.36182404 170 0 0
-23.10854530 9.73303604 -2.38097310 170 0 0
-23.05036926 9.63351917 -2.25943398 170 0 0
-22.97793388 9.52688026 -2.38152909 170 0 0
-23.06625557 9.51303101 -2.31003809 170 0 0
-22.99762154 9.66099930 -2.31422091 170 0 0
-23.03697205 9.55149460 -2.36787200 170 0 0
-23.03218460 9.52443981 -2.28681993 170 0 0
-23.02541542 9.52191830 -2.31609392 170 0 0
-23.07172585 9.48247528 -2.26338291 170 0 0
-23.02644157 9.45935726 -2.32905889 170 0 0
-22.98522758 9.58059502 -2.30734992 170 0 0
-23.36937523 9.68416595 -2.32683301 170 0 0
-23.06280136 9.64907360 -2.36333203 170 0 0
-23.07283783 9.39006042 -2.29653096 170 0 0
-23.23763657 9.61363220 -2.28178811 170 0 0
-22.97141457 9.51155090 -2.35814309 170 0 0
-23.19520187 9.47391510 -2.25178790 170 0 0
-23.05565262 9.49623585 -2.26645494 170 0 0
-22.96886063 9.44764328 -2.34093690 170 0 0
-23.09397316 9.38669682 -2.30970907 170 0 0
-23.05822182 9.62349987 -2.25278497 170 0 0
-22.98355865 9.45408154 -2.34723306 170 0 0
-23.04721260 9.57744408 -2.34243011 170 0 0
-23.03697205 9.49350643 -2.29218102 170 0 0
-22.99877357 9.61144161 -2.32979298 170 0 0
-23.01259422 9.47575569 -2.34601593 170 0 0
-23.01828194 9.38028526 -2.34304404 170 0 0
-23.00743103 9.57694912 -2.35710812 170 0 0
-23.11337852 9.57089710 -2.29081893 170 0 0
-23.11300850 9.73934937 -2.32681108 170 0 0
-22.98077011 9.59084225 -2.36041093 170 0 0
-23.36013794 9.62791634 -2.30790401 170 0 0
-22.99864769 9.58578682 -2.36663198 170 0 0
-23.15746307 9.58937454 -2.26266193 170 0 0
-22.97766304 9.41444302 -2.35042405 170 0 0
-23.07694054 9.56091976 -2.25784898 170 0 0
-23.05541992 9.50871944 -2.28536105 170 0 0
-23.07136726 9.56617165 -2.24907303 170 0 0
-23.07895851 9.63240719 -2.28420305 170 0 0
-22.98372078 9.53269768 -2.31630397 170 0 0
-23.05424309 9.69771862 -2.37527990 170 0 0
-23.07174492 9.62946606 -2.27416110 170 0 0
-23.10802650 9.60652542 -2.27710199 170 0 0
-23.12687683 9.51251984 -2.26922894 170 0 0
-23.07233620 9.60410404 -2.27290201 170 0 0
-23.07510948 9.74445534 -2.31905603 170 0 0
-23.09308434 9.60054302 -2.24311805 170 0 0
-23.06377792 9.61324215 -2.32791591 170 0 0
-23.01837349 9.53359699 -2.34175897 170 0 0
-23.06482124 9.40530109 -2.30444908 170 0 0
-23.01746750 9.41788578 -2.32133698 170 0 0
-23.03424835 9.67652130 -2.29724193 170 0 0
-23.02631569 9.57284546 -2.29545689 170 0 0
-23.08249092 9.51703739 -2.25161004 170 0 0
-23.01193237 9.52602768 -2.32336307 170 0 0
-23.07115936 9.54384327 -2.34915900 170 0 0
-23.04733658 9.41343880 -2.31182694 170 0 0
-23.10456657 9.48465633 -2.27268600 170 0 0
-23.00307274 9.64237022 -2.35448194 170 0 0
-23.04225349 9.57922363 -2.33207393 170 0 0
-23.07733917 9.60108185 -2.27421093 170 0 0
-23.01071358 9.66667461 -2.35558391 170 0 0
-23.00227356 9.54269123 -2.37673092 170 0 0
-23.06141281 9.49863243 -2.32352090 170 0 0
-23.09102631 9.59939003 -2.28456593 170 0 0
-23.19371605 9.47365284 -2.23941207 170 0 0
-23.12210655 9.68840313 -2.28726292 170 0 0
-23.18121338 9.72584534 -2.29106092 170 0 0
-23.00605965 9.63912582 -2.37052703 170 0 0
-23.07097244 9.49029255 -2.25635099 170 0 0
-23.15083504 9.43442059 -2.28144503 170 0 0
-23.06137848 9.51126671 -2.33669710 170 0 0
-23.03079987 9.58690071 -2.32719707 170 0 0
-23.05788612 9.44979763 -2.27757001 170 0 0
-23.13575554 9.56747246 -2.26734805 170 0 0
-23.06228447 9.46767235 -2.29397702 170 0 0
-23.06686592 9.38780975 -2.32790399 170 0 0
-23.05653763 9.62324238 -2.25568295 170 0 0
-23.18699265 9.47516727 -2.23340797 170 0 0
-23.00412560 9.58188725 -2.29994702 170 0 0
-23.01341629 9.46646595 -2.27378201 170 0 0
-23.02696991 9.48780727 -2.34701300 170 0 0
-23.10453987 9.35307217 -2.26780701 170 0 0
-23.07405663 9.75649548 -2.31357193 170 0 0
-23.03068542 9.54849625 -2.36042809 170 0 0
-22.96575356 9.55941200 -2.37924004 170 0 0
-23.09803581 9.65324593 -2.29199100 170 0 0
-22.98691368 9.53087330 -2.30585694 170 0 0
-23.01218605 9.41537571 -2.37113595 170 0 0
-23.03072166 9.47327328 -2.31978512 170 0 0
-23.03068733 9.57452202 -2.31647992 170 0 0
-23.10665131 9.71979618 -2.37565088 170 0 0
-23.09628868 9.60404015 -2.29007602 170 0 0
-23.10522461 9.59251308 -2.27838993 170 0 0
-23.14611244 9.53881359 -2.22669601 170 0 0
-23.05680084 9.47231293 -2.26271796 170 0 0
-23.36061287 9.66864967 -2.33611703 170 0 0
-23.09247780 9.37359524 -2.29763293 170 0 0
-23.20290756 9.61188221 -2.29666901 170 0 0
-23.18986130 9.46365070 -2.27810693 170 0 0
-23.11421394 9.34494209 -2.26277590 170 0 0
-23.04734230 9.48028088 -2.29614806 170 0 0
-23.07609177 9.66163540 -2.34418607 170 0 0
-23.02684212 9.67343235 -2.35884404 170 0 0
-23.01612282 9.50491047 -2.37157011 170 0 0
-23.03045273 9.63685131 -2.36560202 170 0 0
-23.08484459 9.60118389 -2.31398606 170 0 0
-23.09902382 9.47692394 -2.24233603 170 0 0
-23.04278564 9.37774754 -2.36291695 170 0 0
-23.07143784 9.60376453 -2.26814103 170 0 0
-23.01473236 9.65583038 -2.36573291 170 0 0
-23.04260635 9.41577339 -2.33665395 170 0 0
-23.10025406 9.50681305 -2.28587008 170 0 0
-23.13960648 9.46780109 -2.28454804 170 0 0
-23.03553581 9.46335220 -2.29344392 170 0 0
-23.03686905 9.66358089 -2.33347106 170 0 0
-23.06998444 9.60506535 -2.31689596 170 0 0
-23.00077629 9.66241074 -2.30173802 170 0 0
-23.01610756 9.49251175 -2.34361506 170 0 0
-23.02836609 9.63599491 -2.36374497 170 0 0
-22.98919678 9.54452419 -2.31082296 170 0 0
-23.09455109 9.61139870 -2.30442691 170 0 0
-23.06606483 9.60178757 -2.30043197 170 0 0
-23.10470390 9.60585308 -2.28216100 170 0 0
-23.40310478 9.70703602 -2.37570000 170 0 0
-23.00257111 9.58745670 -2.36205792 170 0 0
-23.11038589 9.52182865 -2.27919102 170 0 0
-23.06448936 9.50481319 -2.31660104 170 0 0
-23.04849243 9.45556927 -2.34642196 170 0 0
-23.07138252 9.54383469 -2.29792595 170 0 0
-22.96335411 9.53337955 -2.29870391 170 0 0
-23.10530090 9.59252739 -2.28138804 170 0 0
-23.15354538 9.59891129 -2.27502108 170 0 0
-23.16212082 9.59090424 -2.25083494 170 0 0
-23.01627350 9.61844254 -2.37698603 170 0 0
-23.09478951 9.59134102 -2.25137591 170 0 0
-23.08904076 9.37190247 -2.33889508 170 0 0
-23.09307671 9.61305141 -2.23033690 170 0 0
-23.16046715 9.46396446 -2.28319097 170 0 0
-23.13647079 9.74842262 -2.35312700 170 0 0
-23.03608894 9.41300583 -2.35038805 170 0 0
-23.07488060 9.60521507 -2.26527905 170 0 0
-22.99620628 9.66043854 -2.30927610 170 0 0
-23.05233002 9.47349930 -2.27012610 170 0 0
-23.07181549 9.60390472 -2.27137709 170 0 0
-23.00606155 9.45898628 -2.35577297 170 0 0
-23.01876640 9.61950207 -2.37406301 170 0 0
-23.06551361 9.48801327 -2.26192188 170 0 0
-23.03368950 9.58815575 -2.31946898 170 0 0
-23.10078239 9.59056377 -2.29342198 170 0 0
-23.04863167 9.51644897 -2.30121303 170 0 0
-23.05942535 9.41043091 -2.32020211 170 0 0
-23.14793587 9.74981594 -2.35710311 170 0 0
-23.11994553 9.65269089 -2.31433702 170 0 0
-23.03772545 9.50128937 -2.36699390 170 0 0
-23.03481865 9.58441925 -2.33314705 170 0 0
-22.98382568 9.59209919 -2.36228895 170 0 0
-23.04148674 9.66109562 -2.31437302 170 0 0
-23.04023743 9.58143616 -2.32541394 170 0 0
-23.03730202 9.52692032 -2.30466890 170 0 0
-23.08046150 9.53216743 -2.27857804 170 0 0
-23.14679718 9.42047024 -2.25879908 170 0 0
-23.36520958 9.68636990 -2.31929302 170 0 0
-23.36229515 9.62675476 -2.29948711 170 0 0
-23.09463882 9.53807259 -2.27219200 170 0 0
-23.28800583 9.64709473 -2.37209392 170 0 0
-23.10776329 9.64439201 -2.29324102 170 0 0
-23.05613136 9.63029861 -2.29826903 170 0 0
-23.00621223 9.43941307 -2.25762200 170 0 0
-23.10517311 9.43718338 -2.28473592 170 0 0
-23.08976746 9.39684296 -2.31259298 170 0 0
-23.10725594 9.62457085 -2.30106807 170 0 0
-23.08942986 9.38451862 -2.30139804 170 0 0
-23.05295372 9.67220879 -2.31930900 170 0 0
-23.25910759 9.62211609 -2.29967999 170 0 0
-23.12240982 9.47454834 -2.25659204 170 0 0
-23.04575539 9.56782722 -2.34221196 170 0 0
-22.95920181 9.55670166 -2.37701702 170 0 0
-23.15029907 9.53538609 -2.24947691 170 0 0
-23.06313515 9.44675732 -2.30515194 170 0 0
-23.01283264 9.43526840 -2.35423493 170 0 0
-23.16532135 9.71389866 -2.32705307 170 0 0
-23.08005142 9.44340324 -2.28332710 170 0 0
-23.11092186 9.43128109 -2.29370189 170 0 0
-23.23266983 9.57512474 -2.29316497 170 0 0
-23.06950760 9.45157242 -2.29063702 170 0 0
-23.08178711 9.36934376 -2.28404903 170 0 0
-22.98464394 9.59251022 -2.35261106 170 0 0
-23.07177925 9.38211823 -2.29117107 170 0 0
-22.98640633 9.51530647 -2.37583804 170 0 0
-23.14152336 9.45636272 -2.26129389 170 0 0
-23.18284225 9.72654629 -2.28965807 170 0 0
-23.00281525 9.63797474 -2.34066391 170 0 0
-23.03327179 9.53731632 -2.34166789 170 0 0
-23.05510712 9.45833397 -2.28490090 170 0 0
-23.10513878 9.44163322 -2.29812789 170 0 0
-23.00126266 9.57476521 -2.30028296 170 0 0
-23.00781822 9.42568493 -2.37298298 170 0 0
-23.08257294 9.63808346 -2.38118291 170 0 0
-23.15921021 9.58966541 -2.25507307 170 0 0
-23.20780182 9.58894062 -2.27953005 170 0 0
-23.00682068 9.61491013 -2.38435507 170 0 0
-23.00127983 9.53667641 -2.30455089 170 0 0
-23.17307281 9.38064957 -2.35081697 170 0 0
-23.08465767 9.71072006 -2.34880590 170 0 0
-23.21404648 9.38479424 -2.34212208 170 0 0
-23.00363350 9.47463131 -2.34668589 170 0 0
-23.01371574 9.50407124 -2.35005093 170 0 0
-23.18714333 9.46252441 -2.28083301 170 0 0
-23.03550911 9.56352234 -2.34930205 170 0 0
-23.04146576 9.47791576 -2.28931808 170 0 0
-23.22248650 9.58079433 -2.27130795 170 0 0
-23.01079941 9.56587124 -2.36955404 170 0 0
-23.04424477 9.65555573 -2.31270409 170 0 0
-22.92377663 9.41737175 -2.34775591 170 0 0
-23.12034225 9.52297974 -2.25731397 170 0 0
-23.02539063 9.49623585 -2.36067295 170 0 0
-23.05860329 9.66143322 -2.33331490 170 0 0
-23.06174850 9.46809387 -2.25231099 170 0 0
-23.03220749 9.52455330 -2.34261608 170 0 0
-23.06789017 9.52669907 -2.31678891 170 0 0
-22.92494965 9.51731586 -2.38227510 170 0 0
-23.05066681 9.66956902 -2.29908299 170 0 0
-23.12074471 9.65692616 -2.38555408 170 0 0
-23.03351974 9.56287098 -2.32313800 170 0 0
-23.20075607 9.69461918 -2.34078789 170 0 0
-22.99658394 9.45931911 -2.36654091 170 0 0
-23.06025124 9.64962769 -2.32330990 170 0 0
-23.19873619 9.59393978 -2.27327609 170 0 0
-22.98864937 9.46917343 -2.34097290 170 0 0
-23.13443184 9.54912376 -2.26045799 170 0 0
-23.19637108 9.47325993 -2.24114799 170 0 0
-23.08384705 9.43289948 -2.30065393 170 0 0
-23.04847527 9.61710739 -2.30810905 170 0 0
-23.12928391 9.38866329 -2.33960605 170 0 0
-23.16804886 9.59095860 -2.25369596 170 0 0
-23.02971268 9.63666439 -2.28388000 170 0 0
-23.14836121 9.39601231 -2.33998799 170 0 0
-23.18153000 9.38441372 -2.30519390 170 0 0
-23.08086967 9.73946285 -2.33369589 170 0 0
-23.03238106 9.43590069 -2.35394096 170 0 0
-23.12963867 9.72988415 -2.31805706 170 0 0
-23.08126068 9.35552883 -2.28498411 170 0 0
-23.10899925 9.72409534 -2.35302901 170 0 0
-23.20159912 9.39146233 -2.34632111 170 0 0
-23.02602005 9.45920086 -2.32594800 170 0 0
-23.01961708 9.65815544 -2.32559490 170 0 0
-23.01460266 9.44154739 -2.30444098 170 0 0
-23.12778091 9.67798519 -2.31583905 170 0 0
-23.02460861 9.52151585 -2.32578492 170 0 0
-23.02045441 9.46917152 -2.30127907 170 0 0
-23.17538834 9.58673096 -2.29044700 170 0 0
-22.95696449 9.58109856 -2.33029199 170 0 0
-23.01843643 9.45191479 -2.33358693 170 0 0
-23.06912041 9.61552906 -2.25162005 170 0 0
-23.04396439 9.62636375 -2.34798002 170 0 0
-23.03582191 9.52632523 -2.30308604 170 0 0
-23.15631485 9.48728466 -2.27574110 170 0 0
-23.20290756 9.56985092 -2.25613809 170 0 0
-23.06749725 9.56462097 -2.24122405 170 0 0
-23.02705193 9.45957184 -2.33400607 170 0 0
-23.07901192 9.73326302 -2.32356691 170 0 0
-23.37373352 9.63263512 -2.28148603 170 0 0
-23.02837563 9.55490971 -2.31271195 170 0 0
-23.05137825 9.45671844 -2.29705000 170 0 0
-23.34896278 9.69493389 -2.37239504 170 0 0
-23.25289536 9.71809483 -2.28691506 170 0 0
-22.94262695 9.38685036 -2.37389898 170 0 0
-22.99838448 9.56078053 -2.35672808 170 0 0
-23.30909157 9.69623756 -2.35728598 170 0 0
-22.98078156 9.59091568 -2.34890199 170 0 0
-22.99078751 9.58924198 -2.37754107 170 0 0
-23.08193207 9.52191353 -2.29483604 170 0 0
-23.10133553 9.74277496 -2.37787890 170 0 0
-23.01971817 9.45137024 -2.27188611 170 0 0
-23.12571907 9.37340164 -2.31022310 170 0 0
-23.14218140 9.69670773 -2.30496311 170 0 0
-23.39344406 9.69190884 -2.35483909 170 0 0
-23.06864357 9.59035206 -2.31237793 170 0 0
-23.04675674 9.62636757 -2.30808496 170 0 0
-23.09055138 9.73424816 -2.32443595 170 0 0
-23.02453232 9.44582844 -2.33105612 170 0 0
-22.98149109 9.43235588 -2.34946299 170 0 0
-23.14190483 9.43087006 -2.26818800 170 0 0
-23.12389374 9.57530212 -2.28412509 170 0 0
-23.40380287 9.70676136 -2.33508706 170 0 0
-23.05902481 9.64895916 -2.34572697 170 0 0
-23.17358017 9.39281559 -2.31165409 170 0 0
-23.10047340 9.48704720 -2.25659490 170 0 0
-23.18266678 9.38481998 -2.31307697 170 0 0
-23.05703926 9.40911865 -2.31200194 170 0 0
-23.03145218 9.46498680 -2.30753803 170 0 0
-23.06784821 9.60613155 -2.34327102 170 0 0
-22.97237587 9.43724728 -2.36585999 170 0 0
-23.01091766 9.49701118 -2.34828401 170 0 0
-23.02535820 9.39633560 -2.34401298 170 0 0
-23.05662537 9.64797306 -2.34375310 170 0 0
-23.06754112 9.38805008 -2.33267212 170 0 0
-23.15024757 9.48483467 -2.27035689 170 0 0
-23.02624512 9.52205372 -2.27681303 170 0 0
-23.07467842 9.52646446 -2.25765705 170 0 0
-23.04810524 9.61923504 -2.32353091 170 0 0
-23.11627579 9.51852703 -2.27589011 170 0 0
-23.24257278 9.61082935 -2.29387903 170 0 0
-23.02862740 9.43441391 -2.34570503 170 0 0
-23.20399284 9.40517330 -2.36175394 170 0 0
-22.98011589 9.42765427 -2.36136103 170 0 0
-23.19767761 9.39068127 -2.34349990 170 0 0
-23.06879616 9.66562366 -2.37643909 170 0 0
-23.00135040 9.38662815 -2.32869005 170 0 0
-23.00009346 9.58391666 -2.38426304 170 0 0
-23.00933838 9.62793064 -2.37665701 170 0 0
-22.99476624 9.55917168 -2.37279797 170 0 0
-23.02110863 9.41905975 -2.36708403 170 0 0
-23.08273506 9.73476410 -2.33361006 170 0 0
-23.09805679 9.60972500 -2.22640991 170 0 0
-23.13942719 9.46779919 -2.27360606 170 0 0
-23.00998688 9.65852356 -2.32942390 170 0 0
-23.15546417 9.39916515 -2.36018991 170 0 0
-23.07589531 9.56803226 -2.25268793 170 0 0
-22.98187637 9.54103184 -2.37492204 170 0 0
-23.01947212 9.62014198 -2.32372093 170 0 0
-23.02807617 9.62342644 -2.37012100 170 0 0
-23.06658173 9.50077820 -2.32087708 170 0 0
-23.01506996 9.41688824 -2.32434893 170 0 0
-23.04411316 9.45762730 -2.31677294 170 0 0
-23.02457428 9.42049503 -2.36418295 170 0 0
-22.96296120 9.38222313 -2.36691689 170 0 0
-22.99242020 9.56049538 -2.37849212 170 0 0
-23.02624130 9.44633770 -2.30397606 170 0 0
-23.10164261 9.70498753 -2.34699202 170 0 0
-23.03190613 9.57504559 -2.31343603 170 0 0
-23.31401634 9.67356014 -2.30831409 170 0 0
-23.09612846 9.61439133 -2.22017908 170 0 0
-23.06478882 9.61362934 -2.33276010 170 0 0
-23.05163765 9.68375969 -2.37455702 170 0 0
-23.05480957 9.43107224 -2.28567410 170 0 0
-23.07792091 9.35603523 -2.27966809 170 0 0
-23.13549805 9.44138145 -2.28509092 170 0 0
-23.18663216 9.39794159 -2.33552790 170 0 0
-23.01191330 9.61701775 -2.31824088 170 0 0
-23.01576996 9.46741676 -2.27563310 170 0 0
-23.06834984 9.66597462 -2.33821106 170 0 0
-23.15156937 9.44824028 -2.24500299 170 0 0
-23.07246971 9.66722393 -2.33790803 170 0 0
-23.04678535 9.41749763 -2.33373499 170 0 0
-22.99742317 9.52464485 -2.36844110 170 0 0
-23.03808975 9.57763386 -2.31249595 170 0 0
-23.00743866 9.66510487 -2.31673098 170 0 0
-23.00094414 9.66358852 -2.31640697 170 0 0
-23.06727791 9.43835068 -2.31518888 170 0 0
-23.09704018 9.53902912 -2.27861691 170 0 0
-22.96542549 9.44659042 -2.35017490 170 0 0
-22.98886681 9.59415054 -2.37100291 170 0 0
-23.02611542 9.53411102 -2.37681508 170 0 0
-23.40139008 9.64662170 -2.36002398 170 0 0
-23.15471077 9.44923687 -2.28538799 170 0 0
-23.03604507 9.46359634 -2.28727293 170 0 0
-23.07738876 9.62110519 -2.26148295 170 0 0
-23.01589775 9.61528301 -2.37888098 170 0 0
-23.15701103 9.61701870 -2.28494096 170 0 0
-23.19110107 9.47677612 -2.24457097 170 0 0
-23.12125969 9.68764877 -2.28097200 170 0 0
-23.11241531 9.60864830 -2.23449111 170 0 0
-22.98299026 9.45386505 -2.34547210 170 0 0
-23.12184906 9.45383453 -2.25791192 170 0 0
-23.19707870 9.37809658 -2.31794190 170 0 0
-23.07359123 9.66792107 -2.30599904 170 0 0
-23.05500793 9.58471775 -2.30620289 170 0 0
-23.05227280 9.62144470 -2.25683689 170 0 0
-23.05938530 9.67087078 -2.34527493 170 0 0
-22.99865150 9.58502674 -2.30315089 170 0 0
-23.11372948 9.67174530 -2.30175090 170 0 0
-23.08672333 9.37131214 -2.28931499 170 0 0
-23.39835548 9.72972202 -2.37747908 170 0 0
-23.27428436 9.71490192 -2.37066603 170 0 0
-23.08198547 9.51979542 -2.27080202 170 0 0
-22.98200607 9.60447025 -2.32330108 170 0 0
-22.96666908 9.53482533 -2.28968191 170 0 0
-23.04899979 9.62747669 -2.24342108 170 0 0
-22.97463608 9.51286793 -2.36183190 170 0 0
-23.08990097 9.37262726 -2.34397197 170 0 0
-23.19112587 9.47687340 -2.23087597 170 0 0
-23.05240440 9.49491501 -2.26297808 170 0 0
-23.03004074 9.67474079 -2.36415792 170 0 0
-22.95048523 9.39009953 -2.36975694 170 0 0
-23.36752510 9.58314514 -2.32852006 170 0 0
-23.01771927 9.61902905 -2.37884998 170 0 0
-23.01788521 9.42986012 -2.36736608 170 0 0
-23.05460358 9.44558716 -2.27196288 170 0 0
-23.11935043 9.71834087 -2.37544608 170 0 0
-23.34193039 9.65850163 -2.30945897 170 0 0
-23.13343048 9.54954720 -2.29763389 170 0 0
-23.04465294 9.42893791 -2.33375096 170 0 0
-23.02596855 9.54703426 -2.28968692 170 0 0
-23.02446556 9.65844822 -2.32923508 170 0 0
-23.11974335 9.44319344 -2.29741812 170 0 0
-23.15413284 9.45726967 -2.27891493 170 0 0
-23.12505531 9.68922138 -2.28279710 170 0 0
-23.20558167 9.71142673 -2.36460996 170 0 0
-23.10352707 9.73097515 -2.37204289 170 0 0
-23.08550644 9.69697189 -2.36731291 170 0 0
-23.03688240 9.51379204 -2.32981491 170 0 0
-23.02101326 9.55733013 -2.37238693 170 0 0
-23.17539215 9.62706947 -2.28692007 170 0 0
-23.11131096 9.58266068 -2.26387405 170 0 0
-22.99872971 9.60478115 -2.34152007 170 0 0
-23.11834335 9.38405800 -2.30507898 170 0 0
-23.00020599 9.66215420 -2.30495906 170 0 0
-23.27360725 9.67467403 -2.33781409 170 0 0
-23.13342094 9.56657696 -2.25642705 170 0 0
-22.98631287 9.42997837 -2.35132003 170 0 0
-22.98302078 9.43143177 -2.34539604 170 0 0
-23.06789780 9.52670383 -2.25103998 170 0 0
-23.01850319 9.50590992 -2.37032890 170 0 0
-23.03063965 9.58682346 -2.32779193 170 0 0
-23.03809738 9.58979893 -2.34738898 170 0 0
-23.15224266 9.68053627 -2.31846189 170 0 0
-23.00872612 9.61523724 -2.38281894 170 0 0
-23.03077126 9.58695889 -2.31598306 170 0 0
-23.10131836 9.74233818 -2.37285399 170 0 0
-23.05911827 9.49759388 -2.27599096 170 0 0
-23.07374191 9.74380779 -2.32830191 170 0 0
-23.17581367 9.44486237 -2.24670196 170 0 0
-23.01697540 9.51827431 -2.26818299 170 0 0
-23.09561539 9.58868217 -2.25408792 170 0 0
-23.03494453 9.52599812 -2.29811096 170 0 0
-23.20349693 9.57007504 -2.25775099 170 0 0
-23.23739243 9.57256603 -2.25870109 170 0 0
-23.36465454 9.62543297 -2.30427098 170 0 0
-22.96361542 9.58433342 -2.33351207 170 0 0
-23.11767387 9.56985760 -2.29026198 170 0 0
-23.01068687 9.62844276 -2.38341999 170 0 0
-22.98563004 9.55530453 -2.38188601 170 0 0
-22.99214363 9.55820370 -2.35444999 170 0 0
-23.25486755 9.64461517 -2.31732392 170 0 0
-23.01850319 9.59363937 -2.34107900 170 0 0
-23.05772972 9.67422867 -2.31669402 170 0 0
-23.04347229 9.57974911 -2.32902908 170 0 0
-23.09655190 9.60420513 -2.24682093 170 0 0
-22.98025322 9.45236301 -2.33730507 170 0 0
-23.01988029 9.63254929 -2.34665895 170 0 0
-23.00443649 9.56950378 -2.36360502 170 0 0
-23.02617836 9.40633488 -2.33848500 170 0 0
-23.08972740 9.63681316 -2.29783893 170 0 0
-23.09167671 9.68816471 -2.30110908 170 0 0
-23.07090187 9.40200424 -2.30824900 170 0 0
-23.19089127 9.47679520 -2.22930002 170 0 0
-23.18884850 9.39882183 -2.33897805 170 0 0
-23.06504822 9.62672424 -2.26565409 170 0 0
-23.13284492 9.47763729 -2.22446394 170 0 0
-23.10178566 9.59111977 -2.27322602 170 0 0
-23.10500145 9.56749821 -2.27921104 170 0 0
-23.05876350 9.51017094 -2.33806705 170 0 0
-23.11677170 9.69871998 -2.36297894 170 0 0
-23.06731033 9.58981514 -2.30907297 170 0 0
-23.00929832 9.56528187 -2.36450911 170 0 0
-23.13052368 9.47659969 -2.23640490 170 0 0
-23.03312683 9.47419262 -2.32953691 170 0 0
-23.09904861 9.62782574 -2.27933002 170 0 0
-23.05945206 9.58621311 -2.28935409 170 0 0
-23.04045868 9.37674904 -2.36922693 170 0 0
-23.00911903 9.45727921 -2.33617806 170 0 0
-23.10523415 9.35331821 -2.27247190 170 0 0
-22.99747086 9.56494236 -2.36953712 170 0 0
-23.11519623 9.47052670 -2.25935793 170 0 0
-23.03553963 9.48292160 -2.33315301 170 0 0
-22.99552917 9.38344002 -2.33590293 170 0 0
-23.19888496 9.47567081 -2.25061893 170 0 0
-22.99348450 9.53337479 -2.31328392 170 0 0
-23.07398987 9.64326763 -2.28032494 170 0 0
-23.06935120 9.45131779 -2.31738591 170 0 0
-23.02356339 9.57171822 -2.29370999 170 0 0
-23.03272438 9.66602039 -2.30596709 170 0 0
-23.01768112 9.52834702 -2.31314707 170 0 0
-23.11341858 9.59584427 -2.28835797 170 0 0
-23.03262329 9.66366291 -2.31899810 170 0 0
-23.09749413 9.44749737 -2.27030706 170 0 0
-23.08699036 9.38356304 -2.29627800 170 0 0
-23.04016495 9.39809799 -2.36617804 170 0 0
-23.14464760 9.53827190 -2.23749089 170 0 0
-23.08959007 9.69483471 -2.31879997 170 0 0
-23.01110268 9.47751617 -2.37527990 170 0 0
-23.07766914 9.62079430 -2.31646609 170 0 0
-23.05928230 9.44743443 -2.28176594 170 0 0
-23.04935455 9.46899414 -2.29953694 170 0 0
-22.98932838 9.51884747 -2.37816191 170 0 0
-23.16504288 9.44045639 -2.24730206 170 0 0
-23.02365875 9.46938515 -2.33269405 170 0 0
-23.03400612 9.42449474 -2.34561396 170 0 0
-23.00844193 9.52715778 -2.32319093 170 0 0
-22.99279976 9.46665668 -2.36875391 170 0 0
-22.99542046 9.38419056 -2.33138800 170 0 0
-23.02897644 9.67431068 -2.36234593 170 0 0
-22.98709679 9.58111191 -2.34433293 170 0 0
-23.08641815 9.38805389 -2.30334997 170 0 0
-23.09104538 9.62483406 -2.29738092 170 0 0
-23.15129852 9.43459320 -2.28449798 170 0 0
-23.02907562 9.44786072 -2.33342600 170 0 0
-23.06073189 9.39775562 -2.32299995 170 0 0
-22.99547577 9.66011524 -2.31081510 170 0 0
-23.14292908 9.43121815 -2.27757692 170 0 0
-23.07170677 9.60428715 -2.26650596 170 0 0
-23.08638763 9.73628712 -2.33714104 170 0 0
-23.13463020 9.47831726 -2.23211503 170 0 0
-23.01305962 9.42784882 -2.37173796 170 0 0
-23.05599403 9.47196388 -2.26429105 170 0 0
-23.05578041 9.39544106 -2.36475396 170 0 0
-23.29114914 9.66505623 -2.36143494 170 0 0
-23.06867981 9.37608242 -2.35527897 170 0 0
-23.23653984 9.61420345 -2.27708602 170 0 0
-23.04121780 9.52834892 -2.26283598 170 0 0
-23.13379288 9.39027500 -2.31302309 170 0 0
-23.09815407 9.47637272 -2.23357797 170 0 0
-23.06604576 9.58902645 -2.34744811 170 0 0
-23.20250893 9.67316532 -2.32715011 170 0 0
-23.05302620 9.63464737 -2.25823498 170 0 0
-23.01320267 9.49568462 -2.35781002 170 0 0
-23.00036430 9.47336960 -2.33511209 170 0 0
-23.14477730 9.71951199 -2.36534190 170 0 0
-23.01727676 9.61906910 -2.34616899 170 0 0
-23.05231285 9.44425297 -2.32871509 170 0 0
-23.14259338 9.68563557 -2.37702990 170 0 0
-22.97228050 9.37675953 -2.36221004 170 0 0
-23.04873085 9.41843033 -2.31473398 170 0 0
-23.05422020 9.44522285 -2.30165601 170 0 0
-23.07044411 9.64169979 -2.29236507 170 0 0
-23.03103638 9.58696461 -2.33204508 170 0 0
-23.35866356 9.66511822 -2.30176592 170 0 0
-22.97936630 9.43389416 -2.24311900 170 0 0
-23.00591278 9.58091354 -2.29591298 170 0 0
-23.09991455 9.52772236 -2.29249001 170 0 0
-23.04392815 9.46690369 -2.27844310 170 0 0
-23.19865799 9.47981071 -2.25279808 170 0 0
-22.99976730 9.58642673 -2.34080911 170 0 0
-23.06139946 9.65015984 -2.31713009 170 0 0
-23.07243729 9.45275402 -2.29251194 170 0 0
-23.05863953 9.64890194 -2.33114290 170 0 0
-23.09074974 9.39738274 -2.29206491 170 0 0
-23.01209068 9.61756611 -2.34204292 170 0 0
-22.92650795 9.51797962 -2.37913895 170 0 0
-23.10361862 9.50375366 -2.25497890 170 0 0
-23.04246521 9.63025093 -2.25411105 170 0 0
-23.26291275 9.70108032 -2.31376290 170 0 0
-23.05907059 9.67437744 -2.37690711 170 0 0
-23.13387489 9.46554375 -2.27160192 170 0 0
-23.06271362 9.36145210 -2.36071610 170 0 0
-23.03918457 9.52759361 -2.32075000 170 0 0
-23.10473442 9.56562710 -2.31199288 170 0 0
-23.02129364 9.53256512 -2.31172895 170 0 0
-23.03885841 9.65319633 -2.32651401 170 0 0
-23.04800224 9.43053627 -2.30211997 170 0 0
-22.99684715 9.56002045 -2.37482190 170 0 0
-23.00729752 9.58007813 -2.30934906 170 0 0
-23.07574654 9.38357258 -2.34599400 170 0 0
-23.03881645 9.47001266 -2.27859592 170 0 0
-23.03916359 9.41414165 -2.36886406 170 0 0
-23.05116844 9.67115498 -2.29864502 170 0 0
-23.14029884 9.73396397 -2.37569094 170 0 0
-23.07844353 9.60662842 -2.27670097 170 0 0
-23.23255920 9.61637974 -2.29640007 170 0 0
-22.99340057 9.58347797 -2.38260698 170 0 0
-23.07686615 9.53064728 -2.28280592 170 0 0
-22.96961975 9.50839043 -2.35189605 170 0 0
-23.22752571 9.68021393 -2.30610991 170 0 0
-23.02821922 9.47233009 -2.30684900 170 0 0
-23.09788704 9.47639656 -2.23153090 170 0 0
-22.98155594 9.56605721 -2.37084889 170 0 0
-23.03425598 9.48373318 -2.29724193 170 0 0
-23.12215042 9.63623047 -2.32231498 170 0 0
-23.09782219 9.72878170 -2.34218001 170 0 0
-23.04628372 9.47963905 -2.32614708 170 0 0
-23.16139984 9.63472080 -2.30405593 170 0 0
-23.03407288 9.60105610 -2.29802704 170 0 0
-22.99790764 9.42273998 -2.37318397 170 0 0
-23.11474991 9.58410358 -2.26111388 170 0 0
-23.00305176 9.51222038 -2.37907600 170 0 0
-23.04341698 9.58175182 -2.33977199 170 0 0
-23.03469658 9.46333790 -2.24515200 170 0 0
-23.10869026 9.73311520 -2.37922692 170 0 0
-23.06237221 9.46777725 -2.24819207 170 0 0
-23.02267075 9.52066135 -2.33357596 170 0 0
-23.09232712 9.49166298 -2.25941610 170 0 0
-23.04298592 9.50342274 -2.37242389 170 0 0
-22.93221283 9.40764999 -2.36543703 170 0 0
-23.13634109 9.45426369 -2.25906801 170 0 0
-23.05446625 9.49233723 -2.26442695 170 0 0
-23.13444710 9.69011784 -2.36631298 170 0 0
-23.12440300 9.61506176 -2.28909612 170 0 0
-23.21030617 9.38342571 -2.32253790 170 0 0
-23.08042145 9.73382282 -2.32854199 170 0 0
-23.00045776 9.57394123 -2.37124205 170 0 0
-23.06104088 9.38533401 -2.34186792 170 0 0
-23.05044365 9.62806416 -2.25422192 170 0 0
-23.01469040 9.52972698 -2.32542706 170 0 0
-23.04045105 9.59086609 -2.33462310 170 0 0
-23.04034805 9.50252628 -2.34444094 170 0 0
-23.08112144 9.59895229 -2.28365397 170 0 0
-23.04851913 9.50598145 -2.33231211 170 0 0
-23.04273796 9.49083138 -2.27753997 170 0 0
-23.03375626 9.56272411 -2.35867190 170 0 0
-23.03530121 9.45020962 -2.33694100 170 0 0
-23.01626396 9.65676594 -2.32208395 170 0 0
-23.03379440 9.58508682 -2.31289196 170 0 0
-22.95732498 9.58881855 -2.33225012 170 0 0
-23.19582176 9.38980389 -2.36127210 170 0 0
-23.03089905 9.39852619 -2.35434389 170 0 0
-22.98928070 9.58200455 -2.34777689 170 0 0
-23.03020477 9.43499184 -2.35540295 170 0 0
-23.05879593 9.67448711 -2.34408498 170 0 0
-23.03318787 9.51219654 -2.33899212 170 0 0
-23.00596619 9.38845921 -2.33733201 170 0 0
-23.02539253 9.53401947 -2.34736300 170 0 0
-22.97615623 9.52616119 -2.37971306 170 0 0
-23.03060532 9.53645515 -2.30800509 170 0 0
-23.19508934 9.67718315 -2.32996392 170 0 0
-22.99991035 9.42254925 -2.35728097 170 0 0
-23.02491760 9.50857544 -2.36759806 170 0 0
-22.99734688 9.44769478 -2.34086704 170 0 0
-23.21510315 9.39768028 -2.35341597 170 0 0
-23.06706047 9.57677555 -2.32973909 170 0 0
-23.14849472 9.38237762 -2.34624600 170 0 0
-23.05431938 9.57139874 -2.33984709 170 0 0
-23.05717278 9.37591267 -2.36618900 170 0 0
-23.16604233 9.71939373 -2.30201602 170 0 0
-23.13390160 9.72599602 -2.38559699 170 0 0
-23.08937263 9.58605576 -2.25970411 170 0 0
-23.14536476 9.57161999 -2.24382901 170 0 0
-23.00161552 9.43656540 -2.25473094 170 0 0
-23.04078674 9.65381336 -2.35422492 170 0 0
-23.19222260 9.47555447 -2.26670504 170 0 0
-23.07387352 9.58297253 -2.31025100 170 0 0
-23.01211357 9.61760902 -2.31770706 170 0 0
-23.01119041 9.44005966 -2.31677008 170 0 0
-23.05231476 9.41984272 -2.32314801 170 0 0
-23.06058693 9.49793911 -2.31397104 170 0 0
-23.09239578 9.61256409 -2.31066108 170 0 0
-23.11256218 9.65735722 -2.32958102 170 0 0
-23.05260849 9.45729065 -2.28628111 170 0 0
-23.19959641 9.56850243 -2.25288296 170 0 0
-23.00651932 9.43863964 -2.30948496 170 0 0
-23.00932503 9.64054585 -2.36417389 170 0 0
-23.05937576 9.64929581 -2.31840301 170 0 0
-23.16415215 9.59313679 -2.24192309 170 0 0
-23.04165268 9.49022770 -2.29939198 170 0 0
-23.12208939 9.68796062 -2.28570604 170 0 0
-22.98087120 9.40254784 -2.36963201 170 0 0
-22.99264526 9.60355282 -2.34635401 170 0 0
-23.24172592 9.65186596 -2.28804207 170 0 0
-23.11391068 9.68146420 -2.32807589 170 0 0
-23.00215530 9.64291191 -2.36794400 170 0 0
-23.05168533 9.47017670 -2.26694107 170 0 0
-23.03630638 9.46222401 -2.30401802 170 0 0
-23.03379822 9.56512642 -2.29467607 170 0 0
-22.94291115 9.38698387 -2.37059903 170 0 0
-23.06138802 9.62493515 -2.30269694 170 0 0
-23.00488091 9.43788719 -2.25658703 170 0 0
-23.05366707 9.40779686 -2.30535603 170 0 0
-23.02362442 9.38757229 -2.34857893 170 0 0
-23.09117889 9.62490654 -2.29571795 170 0 0
-23.00588036 9.43795204 -2.30673909 170 0 0
-23.06406021 9.49933529 -2.31896091 170 0 0
-23.08608437 9.71112823 -2.37514997 170 0 0
-23.09574127 9.71539879 -2.34677601 170 0 0
-23.02670288 9.42152405 -2.34324694 170 0 0
-23.06485558 9.65148544 -2.33341408 170 0 0
-23.10178185 9.68796062 -2.37513304 170 0 0
-23.08671379 9.38351631 -2.34093809 170 0 0
-23.05735970 9.63205147 -2.35272694 170 0 0
-23.08663177 9.39569473 -2.35255408 170 0 0
-23.05287743 9.65913773 -2.31829405 170 0 0
-23.06365013 9.43688488 -2.31156707 170 0 0
-23.05941772 9.51022911 -2.30626702 170 0 0
-23.04769516 9.58153915 -2.32464099 170 0 0
-23.02200699 9.52024841 -2.35296607 170 0 0
-23.02122307 9.44450474 -2.32575488 170 0 0
-22.96656036 9.44703960 -2.35363293 170 0 0
-23.04805565 9.63227463 -2.29968905 170 0 0
-23.01375389 9.44151020 -2.26070809 170 0 0
-23.02020264 9.51967621 -2.32844210 170 0 0
-23.15223122 9.43495560 -2.28622890 170 0 0
-23.01358032 9.52919769 -2.33486104 170 0 0
-23.20700073 9.39443588 -2.34759998 170 0 0
-22.99419594 9.55888271 -2.37952304 170 0 0
-23.09868431 9.54874706 -2.24692702 170 0 0
-23.02682304 9.54841232 -2.32640004 170 0 0
-23.05182838 9.41962719 -2.32472897 170 0 0
-23.17341423 9.64884281 -2.30897307 170 0 0
-23.03169441 9.64995098 -2.36138892 170 0 0
-23.02219582 9.48242855 -2.32762909 170 0 0
-23.19485664 9.35158825 -2.34708595 170 0 0
-23.05594635 9.41686153 -2.32374692 170 0 0
-23.03585815 9.57642746 -2.35084391 170 0 0
-23.07563400 9.74464226 -2.32375598 170 0 0
-23.01690483 9.49282360 -2.34686589 170 0 0
-23.13044167 9.63168240 -2.29954600 170 0 0
-23.01955795 9.63225842 -2.36946988 170 0 0
-23.11801147 9.47166348 -2.26262593 170 0 0
-23.12332535 9.46135235 -2.25191903 170 0 0
-23.07605934 9.60150909 -2.36506009 170 0 0
-23.00639915 9.56409454 -2.36079407 170 0 0
-23.05319786 9.39069271 -2.30836105 170 0 0
-23.05478287 9.47205544 -2.26618910 170 0 0
-23.08657074 9.52165127 -2.27597690 170 0 0
-23.19083214 9.69997025 -2.36359096 170 0 0
-23.02943230 9.52738476 -2.30179691 170 0 0
-23.18344307 9.46112061 -2.26498890 170 0 0
-23.08621788 9.50890923 -2.25556302 170 0 0
-23.03329849 9.58795929 -2.32417607 170 0 0
-23.29624176 9.68298054 -2.35642505 170 0 0
-23.18350601 9.35977745 -2.35335994 170 0 0
-22.99046326 9.54946232 -2.35622096 170 0 0
-23.13055611 9.41361618 -2.29119706 170 0 0
-23.12112617 9.38502884 -2.32757497 170 0 0
-22.97743416 9.43464279 -2.35769892 170 0 0
-23.06758690 9.60226727 -2.25225997 170 0 0
-23.00861549 9.48938942 -2.34765410 170 0 0
-23.06690025 9.63492107 -2.26663303 170 0 0
-23.08810234 9.51369381 -2.28777003 170 0 0
-23.00218582 9.46116924 -2.37545490 170 0 0
-23.19283295 9.36352444 -2.35756612 170 0 0
-23.19343758 9.40073586 -2.33121490 170 0 0
-23.28109550 9.67055607 -2.35503006 170 0 0
-23.08088493 9.36886215 -2.35749793 170 0 0
-23.14376259 9.57087040 -2.25581288 170 0 0
-23.03984833 9.62888145 -2.29423499 170 0 0
-23.07941055 9.70849609 -2.34995890 170 0 0
-23.02752113 9.40947056 -2.35448408 170 0 0
-23.32619476 9.66687107 -2.34212303 170 0 0
-23.05107117 9.59564209 -2.34574890 170 0 0
-23.17124748 9.70383453 -2.31405902 170 0 0
-23.17664146 9.35709572 -2.34112811 170 0 0
-23.03115654 9.47352123 -2.31023312 170 0 0
-23.11674690 9.39581013 -2.33266997 170 0 0
-23.07933617 9.64546776 -2.28549790 170 0 0
-23.08201027 9.67088985 -2.38660312 170 0 0
-23.00172424 9.58708572 -2.36372399 170 0 0
-23.00515747 9.47527504 -2.34536409 170 0 0
-23.19080734 9.37557983 -2.31577492 170 0 0
-22.97989464 9.51255035 -2.36426806 170 0 0
-23.08099747 9.35540390 -2.28816891 170 0 0
-23.10086632 9.37698174 -2.30008197 170 0 0
-23.09079933 9.61163139 -2.29827189 170 0 0
-22.99797630 9.53541183 -2.28999591 170 0 0
-23.03650665 9.47120094 -2.33047700 170 0 0
-23.17649841 9.50478172 -2.25531697 170 0 0
-22.99340630 9.44659615 -2.35929704 170 0 0
-23.00065994 9.47345734 -2.34002399 170 0 0
-23.14702988 9.45854378 -2.27266598 170 0 0
-23.02791977 9.50723267 -2.35437894 170 0 0
-23.18517685 9.62156010 -2.31760406 170 0 0
-23.09427643 9.58784580 -2.29436803 170 0 0
-23.06817245 9.42642593 -2.30870390 170 0 0
-23.05788422 9.44682693 -2.28629994 170 0 0
-23.02554321 9.52945518 -2.34782004 170 0 0
-23.03262520 9.54515743 -2.31192207 170 0 0
-22.99970818 9.40150547 -2.36427212 170 0 0
-23.20623779 9.69173241 -2.31071091 170 0 0
-23.39777756 9.70983410 -2.37906694 170 0 0
-23.06051254 9.51071644 -2.30165505 170 0 0
-23.08381081 9.60882664 -2.28174710 170 0 0
-23.00739670 9.47867680 -2.35406208 170 0 0
-23.15038109 9.75082874 -2.36051893 170 0 0
-22.97218513 9.44902802 -2.33965802 170 0 0
-23.13662148 9.68902302 -2.33517599 170 0 0
-23.20731735 9.40653801 -2.36052990 170 0 0
-23.01494408 9.64309120 -2.33699799 170 0 0
-23.10185814 9.57854843 -2.28928590 170 0 0
-23.09591866 9.48805046 -2.31379509 170 0 0
-23.02066612 9.63280773 -2.35636401 170 0 0
-23.02717400 9.53473854 -2.34915304 170 0 0
-23.10209846 9.59144306 -2.24539590 170 0 0
-23.09340286 9.73021889 -2.33774996 170 0 0
-23.00389099 9.61333847 -2.36429191 170 0 0
-22.99237251 9.46990681 -2.35862589 170 0 0
-23.03414536 9.58813667 -2.34861708 170 0 0
-23.15650749 9.67824364 -2.30364799 170 0 0
-23.00969887 9.37680531 -2.33884311 170 0 0
-23.08186913 9.65841961 -2.35443592 170 0 0
-23.13197517 9.45249653 -2.25563598 170 0 0
-23.10854340 9.39253044 -2.32380009 170 0 0
-23.07530785 9.60540962 -2.26392508 170 0 0
-23.06576157 9.52583694 -2.31498694 170 0 0
-23.08568764 9.35737610 -2.27900100 170 0 0
-23.00293541 9.66243458 -2.32129693 170 0 0
-22.99484253 9.53397274 -2.30853701 170 0 0
-23.02477455 9.46856499 -2.37794900 170 0 0
-23.01702499 9.50547218 -2.34551597 170 0 0
-23.13802719 9.42932606 -2.26307988 170 0 0
-23.00856209 9.57740211 -2.35892892 170 0 0
-23.12840271 9.69098759 -2.29556394 170 0 0
-22.99525452 9.50916958 -2.35342789 170 0 0
-23.08139801 9.68372631 -2.38238192 170 0 0
-23.06274033 9.40642834 -2.31287003 170 0 0
-22.99136353 9.49889660 -2.36496711 170 0 0
-23.03103447 9.47372913 -2.27259803 170 0 0
-23.06395912 9.66350174 -2.35986495 170 0 0
-23.11155128 9.63343334 -2.29298401 170 0 0
-23.03351974 9.44338131 -2.28570104 170 0 0
-23.09195518 9.65287399 -2.33177900 170 0 0
-23.05751038 9.44650269 -2.31152892 170 0 0
-23.13484573 9.47838783 -2.23372507 170 0 0
-23.03018951 9.48599339 -2.34093308 170 0 0
-23.15735245 9.43730545 -2.24956703 170 0 0
-23.04318810 9.61997032 -2.34709811 170 0 0
-23.03979683 9.60185719 -2.37956810 170 0 0
-23.02237320 9.58351612 -2.30884910 170 0 0
-23.01642609 9.61888599 -2.32178593 170 0 0
-23.06907272 9.69132614 -2.34058404 170 0 0
-23.19567871 9.47360229 -2.25627208 170 0 0
-23.09841156 9.38812828 -2.36337590 170 0 0
-22.97616959 9.60201359 -2.32416701 170 0 0
-23.02873611 9.56058788 -2.36480689 170 0 0
-23.03762627 9.41365242 -2.34908509 170 0 0
-22.98119545 9.59105301 -2.35539007 170 0 0
-23.08337593 9.35261440 -2.35198307 170 0 0
-22.96959877 9.51083374 -2.35299301 170 0 0
-22.98011780 9.56537247 -2.38390994 170 0 0
-23.17656708 9.74751186 -2.35684109 170 0 0
-23.04379654 9.37570000 -2.35973406 170 0 0
-23.09586143 9.60162735 -2.25260305 170 0 0
-23.09822845 9.56929874 -2.29951692 170 0 0
-23.12552834 9.39939594 -2.33038712 170 0 0
-22.98900223 9.53146362 -2.32079792 170 0 0
-23.02170181 9.53282070 -2.29901791 170 0 0
-23.13260651 9.67100525 -2.38614893 170 0 0
-23.05283165 9.39455509 -2.31912708 170 0 0
-22.93167686 9.42063427 -2.34708405 170 0 0
-23.03449440 9.62650585 -2.31260109 170 0 0
-22.97280312 9.44958973 -2.35597301 170 0 0
-23.32342911 9.64772415 -2.31624699 170 0 0
-23.10043526 9.56809044 -2.30445004 170 0 0
-23.01584053 9.40464783 -2.36151099 170 0 0
-23.36386108 9.68713474 -2.31470704 170 0 0
-23.30937958 9.69612503 -2.35293698 170 0 0
-23.18210602 9.72430611 -2.29953098 170 0 0
-23.12161827 9.67506313 -2.29926610 170 0 0
-22.99043846 9.60792446 -2.33366799 170 0 0
-23.23647690 9.61427975 -2.27045107 170 0 0
-23.02678490 9.64796352 -2.35126710 170 0 0
-23.11416817 9.60047531 -2.29508591 170 0 0
-23.05617142 9.50894260 -2.29796410 170 0 0
-23.06284523 9.43669605 -2.29107690 170 0 0
-23.02228737 9.54513836 -2.34181309 170 0 0
-23.17095757 9.58937931 -2.24774289 170 0 0
-23.10069466 9.52756214 -2.26489806 170 0 0
-23.04191017 9.45885944 -2.32085609 170 0 0
-23.15733528 9.43726254 -2.25421309 170 0 0
-23.00705719 9.63973522 -2.34428096 170 0 0
-23.05447388 9.48340416 -2.27018595 170 0 0
-23.29863930 9.58567142 -2.35325789 170 0 0
-23.14678383 9.43291092 -2.26092696 170 0 0
-23.13290596 9.67104530 -2.31636906 170 0 0
-23.04102135 9.55313873 -2.37318206 170 0 0
-23.02033043 9.64089870 -2.38334608 170 0 0
-23.14559174 9.59704876 -2.24119496 170 0 0
-23.06408119 9.52516079 -2.31172800 170 0 0
-23.28007698 9.65162563 -2.30101490 170 0 0
-23.03486633 9.52556705 -2.28547406 170 0 0
-23.11152077 9.56185818 -2.28678203 170 0 0
-23.07379723 9.40313244 -2.31642389 170 0 0
-23.02297020 9.46974087 -2.33705091 170 0 0
-23.07041359 9.62500000 -2.27110195 170 0 0
-22.99605370 9.43393898 -2.35718894 170 0 0
-23.07748032 9.39218140 -2.32087708 170 0 0
-23.17972374 9.38364697 -2.30972195 170 0 0
-23.30668449 9.67728996 -2.36291695 170 0 0
-23.09374046 9.61327457 -2.23812103 170 0 0
-23.05557251 9.62247276 -2.30701208 170 0 0
-23.00639915 9.65238667 -2.35647106 170 0 0
-23.11542130 9.65523338 -2.36649609 170 0 0
-23.17355728 9.66887379 -2.31818891 170 0 0
-23.18251991 9.41003323 -2.32095194 170 0 0
-23.18327904 9.41047096 -2.36138892 170 0 0
-23.11242867 9.60837269 -2.27435708 170 0 0
-22.98566437 9.47218227 -2.36363792 170 0 0
-23.12557220 9.46228886 -2.25059104 170 0 0
-23.14495277 9.53327084 -2.23681307 170 0 0
-23.09122467 9.39759445 -2.29061890 170 0 0
-23.09601212 9.61425495 -2.23374200 170 0 0
-22.95321465 9.52911758 -2.37527299 170 0 0
-22.99432373 9.52653027 -2.32731104 170 0 0
-23.01255608 9.51627159 -2.36194897 170 0 0
-23.17244530 9.72073936 -2.30017495 170 0 0
-23.30199242 9.65927029 -2.33460307 170 0 0
-23.08972549 9.73464870 -2.34004498 170 0 0
-23.20916939 9.38289356 -2.33189797 170 0 0
-23.05966759 9.62451267 -2.26069593 170 0 0
-23.14720535 9.43299484 -2.27335000 170 0 0
-22.98502159 9.46682835 -2.36607504 170 0 0
-23.04396629 9.66653538 -2.34216905 170 0 0
-23.00587463 9.53859901 -2.30337596 170 0 0
-23.12306595 9.70137691 -2.36043096 170 0 0
-23.11850166 9.61084461 -2.28270102 170 0 0
-23.06759262 9.50574398 -2.28088093 170 0 0
-22.99280739 9.44686127 -2.37038207 170 0 0
-23.12618828 9.57623577 -2.28748894 170 0 0
-22.99033928 9.46905231 -2.36173797 170 0 0
-23.02958107 9.56097412 -2.29111409 170 0 0
-23.05897331 9.68687630 -2.37040401 170 0 0
-22.99780846 9.58541870 -2.36821699 170 0 0
-23.02076530 9.44439220 -2.32133508 170 0 0
-23.19422150 9.38944340 -2.32058096 170 0 0
-23.06709671 9.58675098 -2.31321311 170 0 0
-23.02470589 9.53375244 -2.34408689 170 0 0
-22.99906540 9.51065826 -2.36545205 170 0 0
-23.00625992 9.43810654 -2.36157203 170 0 0
-23.07983780 9.53175259 -2.30204391 170 0 0
-23.06648636 9.68682766 -2.38117194 170 0 0
-23.00453377 9.52055645 -2.38138199 170 0 0
-23.09208488 9.39034081 -2.31504393 170 0 0
-23.20454216 9.61098385 -2.28584909 170 0 0
-23.05857468 9.65147686 -2.34677196 170 0 0
-23.11145782 9.53201675 -2.26439810 170 0 0
-23.15846443 9.53873158 -2.25335598 170 0 0
-23.04307556 9.51942158 -2.36051011 170 0 0
-23.09435081 9.61175728 -2.23002791 170 0 0
-23.21922684 9.38716507 -2.35567594 170 0 0
-23.33095741 9.66430283 -2.33175993 170 0 0
-23.05707359 9.44625473 -2.32093191 170 0 0
-23.04403687 9.45773792 -2.29678798 170 0 0
-23.11613846 9.60984516 -2.28411698 170 0 0
-23.02267647 9.47006798 -2.30467606 170 0 0
-23.24033165 9.67308521 -2.35331798 170 0 0
-23.02709770 9.53467274 -2.35388207 170 0 0
-23.02715111 9.42186546 -2.32085490 170 0 0
-23.15199661 9.75154400 -2.35575008 170 0 0
-23.05493355 9.49566269 -2.30543709 170 0 0
-23.06736946 9.38781738 -2.29775190 170 0 0
-23.07705307 9.39173985 -2.30183196 170 0 0
-22.98975182 9.44868183 -2.36518002 170 0 0
-23.08701324 9.53494167 -2.26995611 170 0 0
-22.97768593 9.51411343 -2.36383009 170 0 0
-22.99966049 9.58631325 -2.35050201 170 0 0
-23.07420731 9.52935982 -2.31114888 170 0 0
-23.07350731 9.64309978 -2.37466598 170 0 0
-23.11841202 9.57299805 -2.28825808 170 0 0
-23.08267212 9.53288937 -2.30710912 170 0 0
-23.20877075 9.38269711 -2.33668208 170 0 0
-23.05656624 9.67168713 -2.37655592 170 0 0
-23.10525322 9.54480362 -2.30306697 170 0 0
-23.09894371 9.64889717 -2.36459804 170 0 0
-23.08169556 9.65861225 -2.32519794 170 0 0
-23.07342529 9.56294918 -2.25064611 170 0 0
-23.23782349 9.61339569 -2.30624294 170 0 0
-23.15583611 9.46203804 -2.28738499 170 0 0
-23.02063942 9.45703602 -2.37586308 170 0 0
-23.02341652 9.47040558 -2.30004096 170 0 0
-22.99625206 9.53462696 -2.29925108 170 0 0
-23.21269989 9.38450909 -2.35664797 170 0 0
-23.04791260 9.65697193 -2.33061600 170 0 0
-23.03881645 9.46497726 -2.25325608 170 0 0
-23.10216522 9.59145260 -2.24855709 170 0 0
-23.15402794 9.52455616 -2.25058293 170 0 0
-23.05383492 9.49265766 -2.26855898 170 0 0
-23.12954140 9.69290161 -2.34518409 170 0 0
-23.00990868 9.66637135 -2.35069489 170 0 0
-23.05807304 9.39661980 -2.32916689 170 0 0
-23.11759567 9.38371944 -2.30979109 170 0 0
-23.03550339 9.42223740 -2.33865309 170 0 0
-23.00452423 9.54161739 -2.30792809 170 0 0
-23.07253647 9.63725853 -2.27830195 170 0 0
-23.08173752 9.64629745 -2.31095600 170 0 0
-23.06761742 9.56468773 -2.23968506 170 0 0
-23.12574196 9.74050522 -2.34992504 170 0 0
-23.06146049 9.49833298 -2.30773497 170 0 0
-23.15040398 9.45577908 -2.25690794 170 0 0
-23.10582542 9.59267521 -2.29076505 170 0 0
-23.03439713 9.64476395 -2.37501097 170 0 0
-23.06515694 9.68945599 -2.37274289 170 0 0
-23.17514420 9.45766258 -2.27507401 170 0 0
-23.24613953 9.57529736 -2.26387095 170 0 0
-23.09493637 9.62649059 -2.29301906 170 0 0
-22.99213982 9.56040573 -2.35623503 170 0 0
-23.04105568 9.57876205 -2.32714200 170 0 0
-23.02802849 9.47242355 -2.28310609 170 0 0
-23.13113213 9.47690105 -2.22878408 170 0 0
-23.00227928 9.58736992 -2.35713410 170 0 0
-23.06544495 9.37481976 -2.34701395 170 0 0
-23.04703331 9.66944885 -2.35752201 170 0 0
-23.05362892 9.67252636 -2.31481409 170 0 0
-23.19374657 9.34668827 -2.34716296 170 0 0
-23.09878159 9.64066124 -2.28920889 170 0 0
-23.02766037 9.47203159 -2.31785798 170 0 0
-22.98526955 9.58064747 -2.30254793 170 0 0
-22.98520279 9.45143795 -2.33718610 170 0 0
-23.16425514 9.58944893 -2.24078393 170 0 0
-23.01690483 9.61490154 -2.32747602 170 0 0
-23.03956223 9.65352535 -2.32168508 170 0 0
-23.15161514 9.48511887 -2.25510001 170 0 0
-23.03635025 9.46398163 -2.25003099 170 0 0
-22.99407005 9.47052002 -2.37188411 170 0 0
-23.02102089 9.40674686 -2.36366892 170 0 0
-23.01372147 9.44146061 -2.26532507 170 0 0
-23.15284348 9.52405071 -2.25201011 170 0 0
-22.99813461 9.43515491 -2.25139689 170 0 0
-23.10725594 9.35345840 -2.27159905 170 0 0
-23.35176468 9.65315056 -2.30448508 170 0 0
-23.02523232 9.67292881 -2.33453989 170 0 0
-23.11301231 9.60863304 -2.27115297 170 0 0
-22.93288422 9.39986420 -2.37427402 170 0 0
-23.03421593 9.38669014 -2.35758495 170 0 0
-23.04920387 9.39270878 -2.37060094 170 0 0
-23.02532578 9.52176094 -2.26438093 170 0 0
-23.00620651 9.66068745 -2.31317210 170 0 0
-23.21358681 9.37206268 -2.33683610 170 0 0
-23.08382988 9.37019062 -2.28099203 170 0 0
-23.08856392 9.53559780 -2.26691294 170 0 0
-23.10453987 9.57967663 -2.28791094 170 0 0
-23.04666901 9.42997265 -2.30524492 170 0 0
-23.00049973 9.47328758 -2.35448909 170 0 0
-23.10605431 9.56805611 -2.26224995 170 0 0
-22.98326111 9.55430317 -2.38328195 170 0 0
-23.08461761 9.55657101 -2.26806688 170 0 0
-22.93112373 9.42035484 -2.35362196 170 0 0
-22.96292496 9.40726185 -2.37332702 170 0 0
-23.05785561 9.62335587 -2.31822991 170 0 0
-23.29964638 9.66057587 -2.33843088 170 0 0
-23.06252670 9.43660069 -2.28624392 170 0 0
-23.01909447 9.40601063 -2.35687804 170 0 0
-23.09708786 9.59004402 -2.26282811 170 0 0
-23.00437546 9.42436123 -2.36111903 170 0 0
-23.04830933 9.44264793 -2.32334089 170 0 0
-23.11823273 9.58540630 -2.28159904 170 0 0
-22.96630478 9.52282906 -2.28802991 170 0 0
-23.06509781 9.47535610 -2.31536293 170 0 0
-23.05917931 9.49756718 -2.28388190 170 0 0
-23.03659439 9.66520786 -2.33702111 170 0 0
-23.15377426 9.44905090 -2.25744200 170 0 0
-23.19459343 9.69806957 -2.31959391 170 0 0
-23.13271332 9.46508694 -2.26830602 170 0 0
-22.98739815 9.43040562 -2.35459709 170 0 0
-23.16150284 9.73525143 -2.36014891 170 0 0
-23.07974815 9.51846313 -2.27501106 170 0 0
-23.37353897 9.74285316 -2.38399100 170 0 0
-23.06520081 9.39955902 -2.32516694 170 0 0
-23.05300713 9.65921021 -2.31668496 170 0 0
-23.07611275 9.67954063 -2.38505793 170 0 0
-22.99466324 9.53402233 -2.29121494 170 0 0
-23.08326912 9.51642895 -2.30665112 170 0 0
-23.03168488 9.46161366 -2.31525993 170 0 0
-23.11324501 9.33513927 -2.35371089 170 0 0
-23.14784813 9.60212040 -2.27819204 170 0 0
-23.11509895 9.58414268 -2.27663994 170 0 0
-22.94824982 9.43156910 -2.36017704 170 0 0
-23.00115585 9.56285191 -2.36124110 170 0 0
-23.12553596 9.59426403 -2.25127602 170 0 0
-23.01527405 9.50473213 -2.34702396 170 0 0
-23.06088448 9.41097260 -2.32829809 170 0 0
-23.05185318 9.43207645 -2.30738902 170 0 0
-23.09802437 9.51181793 -2.28039098 170 0 0
-23.06147957 9.38586426 -2.29883909 170 0 0
-23.03157425 9.52604008 -2.35356498 170 0 0
-23.09528732 9.61126614 -2.23448396 170 0 0
-23.04500198 9.46741390 -2.26943994 170 0 0
-22.99953651 9.56381512 -2.35654807 170 0 0
-23.02711868 9.66911030 -2.30040407 170 0 0
-23.14455605 9.41954136 -2.25998592 170 0 0
-23.04385567 9.45364857 -2.29313111 170 0 0
-22.98861504 9.57004738 -2.34296989 170 0 0
